election,topic,median,upper,lower
1,1,-0.009012441481091826,0.004204110056068642,-0.021860189119098723
1,2,-0.006837710232841565,0.006629238484222923,-0.019563413970363715
1,3,-0.008796536694132051,0.0036952317450660785,-0.021412668398180446
1,4,3.4889059726805633e-4,0.013109916850319944,-0.012458363571663253
1,5,-0.0021078734555247877,0.011914473334288484,-0.015465005414180867
1,6,-0.010673892565652016,0.0032191250398423904,-0.023447228386716108
1,7,-0.009819150699252994,0.003656045890813349,-0.02259576732070384
1,8,-0.004858633968907658,0.007496245711299506,-0.018076266410487617
1,9,-0.008332884203498482,0.005053778816496323,-0.02145909293530276
1,10,-0.009999951006384256,0.003401294733246185,-0.023866245105897042
1,11,-0.0037471858136531914,0.011066143621271613,-0.018015342276820598
1,12,-0.008562911611364642,0.004684250963871027,-0.02206036469828498
1,13,-0.019788654776981787,-0.006574885922697763,-0.03297272743988098
1,14,-0.012396228512669125,0.0014304093377343933,-0.0260527999124262
1,15,-0.03118620156893675,-0.017362061883829764,-0.044458896440954354
1,16,-9.673740388819688e-4,0.012605459454598844,-0.014222705956087246
1,17,0.013698639268102851,0.024395053823133044,0.0028802703205088914
1,18,-0.01540563977429387,-0.0018547477374908875,-0.029359411086011755
2,1,-0.05609733602032642,-0.03894702482851115,-0.072672610325329
2,2,-0.07992633179459821,-0.063201688613683707,-0.0988695111873566
2,3,-0.09506950252652185,-0.07841228812921114,-0.11336675227130243
2,4,-0.04493956168761195,-0.027595936066626827,-0.061959731798232984
2,5,-0.003023512170476445,0.013261019172820401,-0.01990526132591808
2,6,-0.0986318753090542,-0.08120451982443719,-0.1151159153638672
2,7,-0.10448579296068777,-0.08594668858976287,-0.12224908910097566
2,8,-0.06789397538169337,-0.05183063855615145,-0.08430830841031157
2,9,-0.07436653410212973,-0.05711345946994351,-0.09147603380210456
2,10,-0.08047515543609088,-0.06291113271721277,-0.09702465418159935
2,11,-0.02423537802029176,-0.008034338564111326,-0.041191135237735474
2,12,-0.08584347387148739,-0.06922391043968326,-0.10265846235117561
2,13,-0.07166296443566161,-0.05356952794701403,-0.08913273570033499
2,14,0.0026955998388565995,0.01820457577080026,-0.013419162606733459
2,15,-0.04745897711606305,-0.030325261140362682,-0.06437106615281468
2,16,-0.08793926548639601,-0.07104464064381201,-0.1049063373908738
2,17,-0.04754972833956375,-0.030200084686372204,-0.06485430590128237
2,18,-0.032074997564816535,-0.014741735554708667,-0.04833526989870611
3,1,-0.018060581471910468,-0.007370684453275246,-0.02861431266704045
3,2,-0.03971835960774754,-0.02941894418839142,-0.0500932315717173
3,3,-0.04037412386971424,-0.030140829108459336,-0.051038344060158496
3,4,-0.012711253407291508,-0.001885037115949431,-0.02303889710499858
3,5,-0.024523056821698606,-0.014572214764778893,-0.034636088483950306
3,6,-0.042983370574204705,-0.03226068625783426,-0.053242702216821466
3,7,-0.04491963074311087,-0.03407910321401959,-0.05530774162154543
3,8,-0.03627543775841434,-0.026044354906843703,-0.04639022016649137
3,9,-0.03445817858898454,-0.024065992700568237,-0.04530611799830891
3,10,-0.0362059106393158,-0.025840900592527548,-0.04668835892725991
3,11,-0.059885758771883395,-0.049743257545492754,-0.070360622966791
3,12,-0.036311884343832986,-0.026027634127800986,-0.04669965159354177
3,13,-0.02939641739841619,-0.019065061390239287,-0.04055144190970107
3,14,-0.0069382586914765315,0.0028530490900805774,-0.017173350949675963
3,15,-0.03477356385137723,-0.02416736681268275,-0.04558842408758581
3,16,-0.04011912176178492,-0.02944130663405914,-0.05023441296567896
3,17,0.01003655235966695,0.020091939898086938,1.2885625900074606e-4
3,18,-0.03553220341434913,-0.02525150565888898,-0.046014424472074315
4,1,0.012139389217466889,0.03288502270265858,-0.007686296019072069
4,2,-0.030109720138213877,-0.009750063581305502,-0.04989142081688222
4,3,-0.03730383969351106,-0.0170819744761421,-0.057458807069426326
4,4,-0.004937938452086331,0.01542916408503575,-0.025506141465322152
4,5,-0.04691795915265341,-0.02889889718306849,-0.06504966918079327
4,6,-0.029175095942527242,-0.009684757748269527,-0.04817781964008473
4,7,-0.03202805203279594,-0.011403798804426216,-0.05138248417375734
4,8,-0.03976306674664183,-0.02010671173935469,-0.05906799168700219
4,9,-0.02613926444684626,-0.006345809042551018,-0.04524666392126507
4,10,-0.028590520469013385,-0.009053242491572704,-0.04808429206365794
4,11,-0.0510146477710772,-0.03044003457054026,-0.07060109981208819
4,12,-0.03439600064395287,-0.014725243786934504,-0.053454774472791663
4,13,-0.014270902129500832,0.004869679842782126,-0.03375311471787024
4,14,-0.03281691137786663,-0.01595510690627041,-0.049964084942175295
4,15,-0.03936407896060376,-0.021311403901019505,-0.05878227211963585
4,16,-0.025635346491895028,-0.006006946921254613,-0.04540668437060265
4,17,-0.049337147365355175,-0.03010656073524212,-0.06831166219219824
4,18,-0.03804780864598896,-0.017855050625074687,-0.05697877898815095
5,1,-0.0016409077171978363,0.04994514052927109,-0.054758273441066756
5,2,-0.08856426995870814,-0.026428933910347542,-0.1496222841442741
5,3,-0.059873336958647355,-0.002935327806227876,-0.12091946719789212
5,4,0.05220320758586363,0.10807042896596451,-0.005136026651922965
5,5,-0.012604332344613393,0.04171841461853115,-0.07099219571670501
5,6,-0.08018714016287383,-0.02060575593658333,-0.14307255727171042
5,7,-0.0858686162122075,-0.02502216214644359,-0.1460419090301972
5,8,-0.07217340406492717,-0.011050626039248983,-0.13469860919340515
5,9,-0.06996508921533677,-0.007460717602797933,-0.13392445956266086
5,10,-0.08250133876539012,-0.022103584967661693,-0.14233141500695187
5,11,-0.07685952061028853,-0.014309030216442111,-0.13712921332966033
5,12,-0.06985117166936936,-0.009532494886677016,-0.13239009638287738
5,13,-0.046640227972528606,0.01226345227572898,-0.10896349917962235
5,14,-0.020879217051389145,0.030107539650744374,-0.0744586401877356
5,15,-0.06375799557351144,-0.0035491028356127653,-0.12484833590131891
5,16,-0.08106274004142566,-0.017918690990961886,-0.14158820498377384
5,17,-0.07702452924664198,-0.01906339061615504,-0.1397620538574647
5,18,-0.06453047444003088,-0.005385231995218704,-0.12373669904020912
6,1,-0.04601720665480257,-0.01935200531154861,-0.07551063101258497
6,2,-0.06401891012382568,-0.03682927125363128,-0.09225751619345927
6,3,-0.0729058784464835,-0.04406500285852683,-0.10068375019499079
6,4,-0.044298774251124044,-0.016533380740975732,-0.07126940662154568
6,5,-0.01929365212470948,0.007098482177474731,-0.04484774225663995
6,6,-0.07413331210610927,-0.04626396280197858,-0.10214528830967923
6,7,-0.07137372429555762,-0.041751297924878555,-0.10071540789590665
6,8,-0.06411817723280074,-0.03716619448666223,-0.09226373283270613
6,9,-0.06973388477672968,-0.04036462101175642,-0.09882666889849162
6,10,-0.03920330670160335,-0.011548343017011674,-0.06903623989766305
6,11,-0.024205407967815104,0.0022131208750493527,-0.05181009160013941
6,12,-0.061686279367643274,-0.03366776925587915,-0.08978130765221891
6,13,-0.04837841006463403,-0.021288804446150868,-0.07631168144751865
6,14,0.007229125934309514,0.03045116532387899,-0.017188818356067077
6,15,0.06312038208148997,0.08450642616250488,0.03879982016703731
6,16,-0.06021047814093243,-0.03454906331890834,-0.08866475182475009
6,17,-0.05604143188491772,-0.03004181725056264,-0.08261509156860486
6,18,-0.028895677818558067,-0.003062164078042169,-0.0547894960184843
7,1,0.011869672518121502,0.025774022937104877,-0.00226602925867737
7,2,-0.013083867415930914,0.002416958685252665,-0.02921116038758407
7,3,-0.009131741663800375,0.005764382184372487,-0.02486086003280787
7,4,0.008777916187119716,0.022619290971484116,-0.005562413337574569
7,5,0.012763316554248574,0.027225437680789638,-0.0017558396233886418
7,6,-0.01247562990793067,0.0025381624563462846,-0.02835361783359249
7,7,-0.012023192267503128,0.0036266089001124745,-0.028639253803602382
7,8,0.005310981657098574,0.020506841131115082,-0.009480888158482607
7,9,-0.019766478817433875,-0.003952799289242921,-0.035078223577890616
7,10,-0.008029880503961397,0.0075716831670119165,-0.02384911249392463
7,11,8.294699026253356e-4,0.01578847542569647,-0.014048031566334935
7,12,-0.005668244731248279,0.009489513251320232,-0.021379420054307274
7,13,-0.008933033964855801,0.006112002198703258,-0.02401599293275089
7,14,0.028492143574806086,0.04119880826674243,0.015500568338911289
7,15,0.047420290309675255,0.05978377417146134,0.03474463175552912
7,16,-0.015401871901851012,-5.745494447183411e-4,-0.030843056107603458
7,17,-0.021812198376985656,-0.00780115741350322,-0.036459118859307985
7,18,-0.019239237763938703,-0.004129472345451402,-0.0337135336296676
8,1,-0.016639191215660175,-0.002956021130039708,-0.028900329397608567
8,2,-0.024275632252734575,-0.010278105128283149,-0.03838413826995688
8,3,-0.024541938063915247,-0.010789930111558566,-0.03837523640653308
8,4,-0.02016594332602173,-0.007298325021556928,-0.034458943065146234
8,5,0.0027755867133835935,0.016903521835837192,-0.010876592391763773
8,6,-0.023277642138580322,-0.009151888865375903,-0.03757918261907546
8,7,-0.024385634621043546,-0.009598901932537438,-0.03861857330519329
8,8,-0.008385941937237216,0.005441800425193505,-0.022592663842685812
8,9,-0.02459450321132752,-0.010778064056912026,-0.038166886652763514
8,10,-0.018089076854333266,-0.0037206939096043803,-0.03164449401652077
8,11,-0.016737822825209397,-0.002906675162987223,-0.030746589019216557
8,12,-0.028783661063877794,-0.014817383111106327,-0.04316741694290785
8,13,-0.012933743256629077,9.45967255335681e-4,-0.02638392410541474
8,14,-0.02971073765404636,-0.01644666711366101,-0.04282344486295585
8,15,-0.044423326618170396,-0.03101061930243726,-0.0582540127590727
8,16,-0.023787190160848813,-0.010029344055778761,-0.037880719042289034
8,17,-0.005391629932773015,0.007074187743268785,-0.017484229908015892
8,18,-0.029662969983517896,-0.01608323553996943,-0.04353804792762976
9,1,-0.020877110969936788,-0.002164617736904793,-0.03953366024905208
9,2,-0.022660356854447478,-0.001129142915123879,-0.044667590529269746
9,3,-0.02722078289278207,-0.005698907789562749,-0.04933727263728876
9,4,0.029335476803073725,0.04868881122916207,0.00962054210823706
9,5,-0.06591462586454677,-0.04492146993022163,-0.08820001802523197
9,6,-0.02241994732830544,-2.682978995372638e-4,-0.04442410449957186
9,7,-0.018710803521768023,0.003203371781344599,-0.040442939442277885
9,8,-0.008153392195632646,0.013251076148174923,-0.02976868162337904
9,9,-0.018496621461671598,0.0034265773772335856,-0.04084013202911184
9,10,-0.011489211220008006,0.009787740785683062,-0.03328364602179594
9,11,-0.030346795497524868,-0.007554512833992924,-0.052191527478239255
9,12,-0.02550480487505205,-0.0033415715018060275,-0.04733173583978373
9,13,-0.001216762827198858,0.020516299724123208,-0.02240455054272705
9,14,0.01905313198625986,0.03844228341761283,-2.4240478377243873e-4
9,15,0.03423265176632932,0.054805757644771386,0.013172761383776519
9,16,-0.03345595314585435,-0.011799444651135532,-0.05534285304610461
9,17,-0.02277590618132701,-0.0023831813436071075,-0.04279020266853965
9,18,0.013063718120963458,0.03436471430497065,-0.007740764076765175
10,1,-0.025030192885198074,-0.013317477406816129,-0.037319366548143405
10,2,-0.001752103960573782,0.01275611406479939,-0.016675563787869205
10,3,-0.01842511970911756,-0.004125017553375981,-0.033606017570083
10,4,-0.0018163153393891233,0.011588151181309223,-0.01509161299073988
10,5,-0.042169037964289335,-0.027668490526720865,-0.056430470575099055
10,6,-0.01258736717833793,0.0016970482120026488,-0.027819702387934346
10,7,-0.014213467118860066,-6.54724456852085e-5,-0.028663153657409103
10,8,-0.0027300567554602367,0.011774902997567803,-0.016822571694188514
10,9,-0.004505791127372096,0.009726347300888736,-0.01976131599050377
10,10,-0.001237213222406066,0.012515862472131415,-0.016126840473810345
10,11,-0.010782142240436507,0.004421709790495762,-0.025731135478734034
10,12,-0.018206841886619248,-0.0037474609000951106,-0.03347217632748618
10,13,-0.01769760735469312,-0.0037656001286130642,-0.031976826532524934
10,14,-0.04139661530850624,-0.02748817623405266,-0.05496920112490129
10,15,-0.012318417636114238,0.0018313912872065501,-0.02727584763853924
10,16,-0.02370501520240316,-0.009324737359522996,-0.037775929299203925
10,17,-0.003547400138367962,0.009790424256448592,-0.016291709897697196
10,18,-0.009266767339555258,0.004824245954005661,-0.02405508502027419
11,1,-0.07142299942889554,-0.00446206640335664,-0.1408187670806893
11,2,0.003385191781021764,0.08184775433128814,-0.07799508991001193
11,3,-0.024363752641970174,0.05363125038407553,-0.10527420538601676
11,4,0.03640106989512996,0.11128511564368287,-0.039957456053170436
11,5,0.17275543160896195,0.23979849588047628,0.10380738270095692
11,6,-0.009954806969511613,0.06981771432354916,-0.09239140516472605
11,7,-0.02265340838449209,0.0543646252531887,-0.10686813600995312
11,8,-0.04744180183997127,0.028283957185702042,-0.12892595696841952
11,9,0.0018301986289953262,0.08070962972327542,-0.07972671120798783
11,10,-0.0317192228064172,0.044482804587212,-0.11399263293523916
11,11,0.05750478553440169,0.13353677688391194,-0.021327855703831736
11,12,0.0020545820901716264,0.07909935181229447,-0.0799190543974576
11,13,-0.05172863562979025,0.02610420450547357,-0.12949000976006772
11,14,-0.12950993150061652,-0.05241242207602481,-0.20858157345500142
11,15,0.03297561474563717,0.11052461731414862,-0.04131330504256183
11,16,-0.005032092293072308,0.07116941986816414,-0.08226631761614264
11,17,-6.517427364001564e-4,0.06700913410299306,-0.07558391254633245
11,18,-0.006799696290828425,0.0715809029979047,-0.08699046304123557
12,1,-0.011105428447093012,0.002559505347861479,-0.024579165772258372
12,2,-0.011761592076863095,0.006276198716985483,-0.030487099583477374
12,3,-0.019693382448475318,-0.0013535788639621837,-0.03712222127074475
12,4,0.024859033894119947,0.04200342878464782,0.008158424664734418
12,5,0.023026040690557095,0.039859678024050695,0.00662021522869028
12,6,-0.012676154934068656,0.004797707869601937,-0.029792975151027
12,7,-0.017076311407788352,8.8029615986669e-4,-0.03539003463248993
12,8,-0.008085677410448893,0.00913628616043116,-0.025358188643710974
12,9,-4.945787532379181e-4,0.01752453347271067,-0.01865469096870755
12,10,-8.319083972967156e-4,0.016836869841762966,-0.018658235372037486
12,11,0.018343818365591447,0.03693913323275095,8.164936534809648e-4
12,12,-0.016571163952563268,1.44800313514448e-4,-0.03553444768073817
12,13,-0.010385185072859737,0.006406325539093185,-0.028214798899506316
12,14,-0.01805393619350227,-0.002583944051443396,-0.03464179989993578
12,15,0.020877896790847287,0.03738947889288502,0.00371110175620194
12,16,-0.020895827900565423,-0.0037240355926140695,-0.03869386247035431
12,17,-0.017013144739801738,-1.75575145285608e-4,-0.03411660040020223
12,18,0.004526884096427277,0.021536490178502586,-0.013117509653498085
13,1,0.01907401685784707,0.037343665818376226,-3.048433191799956e-5
13,2,-0.037514056951022716,-0.014843117375996003,-0.06056606554709816
13,3,-0.05645373804337686,-0.03329212909711444,-0.07978531492337601
13,4,-0.04180091289363165,-0.02248188995851568,-0.06207283012653549
13,5,-0.01806651101282368,0.004644598280597905,-0.03995161346678121
13,6,-0.043436192999214786,-0.021114401995608417,-0.06602838365507763
13,7,-0.03682459387380585,-0.014896691289471466,-0.05864111697942498
13,8,-0.03777290108607024,-0.016442562954358374,-0.06000570802882261
13,9,-0.03698908746019035,-0.01428234737675866,-0.060146030886481336
13,10,-0.0652582379411304,-0.0424107400292484,-0.08769856888040779
13,11,-3.893956942728643e-4,0.023500803735414556,-0.02376832266008436
13,12,-0.037635012797904835,-0.014913321767649706,-0.06063769744763558
13,13,-0.044431507664026884,-0.02211517225098995,-0.06681545605905878
13,14,-1.7153250654483457e-4,0.021432851046270445,-0.022891729831883652
13,15,-0.08735148745277038,-0.0648491311415857,-0.11099923094142058
13,16,-0.04388460458926186,-0.021825865390725577,-0.06707459611205674
13,17,-0.016150814016208263,9.197859220386256e-4,-0.03317257099951437
13,18,-0.06817984826291854,-0.04636798384263791,-0.0906063109403387
14,1,0.010145392514632827,0.02785509050169935,-0.008811689195434371
14,2,-0.020494511623408346,8.469190025906999e-4,-0.04126096648307959
14,3,-0.036510552109203315,-0.015184926386462665,-0.05834739886416758
14,4,-0.033838145824842736,-0.014205962690048075,-0.055049402501071286
14,5,-0.023375573231566103,-0.0034042961678518078,-0.043626570183628505
14,6,-0.02933145132774206,-0.008267794594006558,-0.05102768911063388
14,7,-0.028251977844303864,-0.00733497067568355,-0.048855817222151106
14,8,-0.03085999891267599,-0.0090889031734806,-0.05310063377577608
14,9,-0.022792948236308633,-0.0011744302655897155,-0.044057952981332124
14,10,-0.033909556799147665,-0.012149830041291047,-0.055104641901264795
14,11,-0.013640220621387936,0.00701896128169405,-0.03429302082324752
14,12,-0.026128428705023757,-0.004784266767470497,-0.04808820783031712
14,13,-0.0357426351064141,-0.014578640129624267,-0.05807505280497724
14,14,7.073585850914167e-4,0.021635519654480403,-0.021936624352515952
14,15,-0.029837492661263718,-0.009329914311606902,-0.049724780250873395
14,16,-0.030902849003204502,-0.009057152853174353,-0.05366092417138722
14,17,-0.05308424463113979,-0.034828771134602386,-0.07068817953536996
14,18,-0.01867796302425917,0.0013305048508823498,-0.03893786123878891
15,1,-0.005129201015122632,0.008313950039486585,-0.018881667191939067
15,2,-0.009853778088360857,0.007053506880801132,-0.02715860788562824
15,3,-0.002302757673560465,0.014578152027442042,-0.019520601758358447
15,4,-0.041231956271635374,-0.025442301657888158,-0.05702259536588379
15,5,0.014718080729882014,0.030433504266784515,-0.0016184054105039306
15,6,-0.02250465568184997,-0.005431729602509752,-0.039837610669641775
15,7,-0.02699099458168575,-0.010267726235606884,-0.04414184772584397
15,8,-0.021111632196706018,-0.004542663947893749,-0.03782455988049987
15,9,-0.016727824439814222,8.314295723943682e-4,-0.034013269014998945
15,10,-0.01843362755677586,-0.0016283440745324446,-0.03527722534421872
15,11,-0.02776911997624577,-0.010985828492689262,-0.04525992391605244
15,12,-0.02068980244259818,-0.002773465643688118,-0.03799033635847117
15,13,-0.023042881415299418,-0.005784939273363826,-0.040099400416397174
15,14,0.00746633717710871,0.02311699469786004,-0.008733272175798898
15,15,0.006573328444780439,0.021722254455757244,-0.009250159429055124
15,16,-0.020136717488244374,-0.0029364107426933495,-0.03750186787228905
15,17,-0.04767275730556094,-0.032705503424883466,-0.0620609286348169
15,18,-0.009704509467769379,0.005513450020722819,-0.025628321797265163
16,1,0.010281402755379948,0.020220236919765284,4.360081515606002e-4
16,2,-0.02040765145567391,-0.008401559641904375,-0.0326548067823911
16,3,-0.006536257104766127,0.00533759603926345,-0.01837416643252264
16,4,-0.008648185220492873,0.002046853913039592,-0.019489321062324726
16,5,0.007661671944922153,0.018108508611025424,-0.003112040892257281
16,6,-0.010821211915302375,0.0010026648170260097,-0.022952063327880787
16,7,-0.010534671052707577,5.948544805469134e-4,-0.022377219595992925
16,8,-0.012834837913599857,-0.0021369818147459812,-0.024089595651926435
16,9,-0.01414263791172526,-0.002344219772097749,-0.026264711423591335
16,10,-0.014417311612985675,-0.002634900650590293,-0.02602176092600126
16,11,-0.015001825234997827,-0.0038545067815104464,-0.026568406161538535
16,12,-0.0011708439629742216,0.010238928543476156,-0.01309773117505443
16,13,-0.006655829531580249,0.004682359463389561,-0.018767672084871557
16,14,-0.007178149060425097,0.0030970218257929663,-0.01804440818196852
16,15,-0.004578357950568088,0.0037997684117928587,-0.012619750634827447
16,16,-0.012653904052916418,-0.0010965979949434065,-0.025177831318158553
16,17,-0.020509652791345416,-0.010194636695466221,-0.031150930666562784
16,18,-0.03194324350766379,-0.022105509087524424,-0.0426475062358863
17,1,-0.020876155737508846,-0.007835374662287217,-0.03407344018870741
17,2,-0.02661495231013916,-0.01279196261399281,-0.040436444880184184
17,3,0.004936286537820375,0.01951730905759627,-0.010192595551937016
17,4,0.0022949709732174683,0.015045315233586784,-0.010730055438041427
17,5,-0.016310252559634038,-0.0033310903551291254,-0.02971367448975262
17,6,-0.006666991628072525,0.007295981786656572,-0.021049905573639054
17,7,-0.005618178415252174,0.008420754099716614,-0.019489169137373877
17,8,-0.01729498973213152,-0.0033786592716589185,-0.03111509312719982
17,9,-0.010589157535897693,0.003868356966927834,-0.024763400867668414
17,10,0.004109006257621082,0.017736016482648213,-0.009625134475625807
17,11,-0.017386568563298725,-0.0034791465329491477,-0.0317558670336807
17,12,-0.004367709770641242,0.009859674053710571,-0.018105071735218702
17,13,0.008130072156888907,0.021882475073617062,-0.005367280245297391
17,14,-0.01717611529347783,-0.0036606764482637064,-0.030932358154256944
17,15,0.006581804296276467,0.016028911653959553,-0.0033043860013277286
17,16,-0.01664726793931696,-0.0029090365369785595,-0.030591382535830585
17,17,-0.004183856455627754,0.008509309853945025,-0.017157457463083833
17,18,0.0043035036733029795,0.016794539493806344,-0.008576073624995694
18,1,7.404761383207285e-4,0.01169762311254612,-0.010153820040742712
18,2,-0.013718779303614245,-0.003202448758418855,-0.024778914641227178
18,3,-0.012781036125922397,-0.001468131118903936,-0.02447135782313736
18,4,-0.0033254763462024026,0.007317649063918604,-0.014072487476872713
18,5,0.005681308823878703,0.0159243907416283,-0.004713427539417775
18,6,-0.010222484437472019,0.0011316955696504456,-0.021548569273082623
18,7,-0.012339927520109815,-5.421684326594924e-4,-0.024196145181771326
18,8,-0.016195244594212094,-0.004969360632186135,-0.02756716617295235
18,9,-0.006511918105890311,0.004707256480764897,-0.017892481488486326
18,10,-0.012417722945250826,-0.0010933270695985446,-0.02412477911452285
18,11,-0.00523607233087907,0.0056998327032812485,-0.01640684269864014
18,12,-0.006483585562052854,0.0043555394013928255,-0.018158141048205966
18,13,-0.012803584047617566,-0.0019098410112395794,-0.024438338779157253
18,14,0.0034159697501217963,0.014928307811404045,-0.007606610361535224
18,15,-0.00758161314452347,0.0011992073676912343,-0.016072263232469176
18,16,-0.018674647476675382,-0.0074283742923606,-0.03027268500653921
18,17,0.0025798080488296984,0.012960709502187303,-0.00783557662942828
18,18,0.0010116611482301951,0.011180062107836564,-0.009007118350589623
19,1,-0.10170963523637656,-0.07664257820037564,-0.1283211968041055
19,2,0.0611167103862261,0.08550559877887104,0.034627556318049514
19,3,-0.021102738681809733,0.006705381602806863,-0.049191835416905916
19,4,-0.05966085574161226,-0.032678637248609727,-0.08789069800461831
19,5,0.007564239776966379,0.032272564355769334,-0.017348279775419483
19,6,-0.06787660442762139,-0.04069066128768211,-0.09562595646554062
19,7,-0.03957165061869605,-0.010735808542140084,-0.067481058450827
19,8,-0.08170917476690218,-0.053617162728771546,-0.11135315226659923
19,9,-0.008248572396253224,0.019588786384794988,-0.036526954456201355
19,10,-0.09351833896257039,-0.06558965007297325,-0.12298060355909782
19,11,0.015804276933990325,0.04223894396155256,-0.011684389244463422
19,12,-0.023632665025977797,0.004470890393634399,-0.052906690022526466
19,13,-0.041333495855335425,-0.014735631619813052,-0.07087612739137679
19,14,-0.04326287675923475,-0.017410269397158118,-0.07010341050263168
19,15,0.13798245352130734,0.15947388100744503,0.11571465258750487
19,16,-0.04494518214834059,-0.0182759155086011,-0.07352284806180412
19,17,-0.14063108522524548,-0.11307277507913722,-0.16996704009446167
19,18,-0.15771972205224036,-0.13078783024852828,-0.1851173818671524
20,1,0.02536461864048771,0.036397147898023896,0.014782738821621899
20,2,-0.025009055038033676,-0.01208158457505658,-0.03826760868547943
20,3,-0.00876756307001967,0.004136547243032902,-0.02276363547601089
20,4,0.011857800956631387,0.02494111303238141,-6.403386126808581e-4
20,5,-0.006655695534446353,0.004744085638536916,-0.01822667034342935
20,6,-0.02565719148115731,-0.01243386600164681,-0.03902856643356891
20,7,-0.012359421813008083,0.0010848578831039626,-0.025749820166776037
20,8,-0.014982173623997435,-0.0019781945511464978,-0.028507808729560713
20,9,-7.179118352653897e-4,0.011965668724718855,-0.014281060191494804
20,10,-0.02857098793485597,-0.01513126099695265,-0.04182728926837237
20,11,-0.01476612683581935,-0.001916079159239803,-0.028057151746896453
20,12,-0.013312550156016813,-1.549899631427251e-5,-0.026853382095757994
20,13,-0.01814121069234834,-0.004909437670875375,-0.031173162773322553
20,14,-0.009083383109723838,0.0029705238156605084,-0.021957900304560393
20,15,0.08691764959673551,0.09700235038734024,0.07687165922609573
20,16,-0.012484805965809392,4.387023471997453e-4,-0.026510512049173526
20,17,-0.026735449697055477,-0.014592828163156229,-0.0387737814523068
20,18,-0.059656643010310574,-0.047424226022330936,-0.07259373397362771
21,1,-0.020341262506707772,0.0030157777308675747,-0.045134890132372193
21,2,0.04811225182061581,0.07275421897218487,0.022028731161151838
21,3,-0.016154107458749928,0.010568455259296318,-0.044160283662641256
21,4,0.004604617341048757,0.03070517299081917,-0.022409330250251203
21,5,-0.01392297301699347,0.00991045900441178,-0.03815198937214694
21,6,-0.02791921679239707,-9.08472775411454e-4,-0.057167820873398105
21,7,-0.018873891165991297,0.009063564311439402,-0.04797854316538629
21,8,-0.04046316274922922,-0.013904208027248958,-0.06813257591896935
21,9,-0.022125556458468018,0.006443287621921555,-0.04970321335010614
21,10,-0.011292343652301438,0.016955544214440052,-0.038620813439370974
21,11,-0.023696990689038234,0.0018601101079872956,-0.05108790174030507
21,12,-0.02054308062613204,0.006273712000520063,-0.04876648487914838
21,13,-0.01292527920536493,0.014122862860980958,-0.0404328327213467
21,14,-0.03779431882008512,-0.011697889140650737,-0.06444923749127959
21,15,0.08236834616330349,0.10315744028965457,0.05993296924453814
21,16,-0.031475352030113785,-0.003919104648639765,-0.05932132018417367
21,17,-0.042702342664453496,-0.017479761935203553,-0.06914232985742579
21,18,-0.027098381741256745,-0.004681608129415338,-0.050946351344317464
22,1,0.013131897262103794,0.021869395699204975,0.004517288311226418
22,2,0.026918792970543736,0.03671723773391329,0.016772520394432472
22,3,-0.014729528451939582,-0.004541978735360917,-0.02527265112240087
22,4,-0.0042082133057948275,0.005809626749894598,-0.014108380730543112
22,5,-0.013408275144699482,-0.004325937941803742,-0.02288427742523995
22,6,-0.012546276819820946,-0.002142756681472656,-0.022664841506277233
22,7,-0.007529926322075232,0.002806442698740494,-0.01829531793699061
22,8,0.0015617211694751638,0.011867804122265414,-0.008345991444052714
22,9,0.0015335597465912013,0.011818591826607504,-0.008269241254683096
22,10,-0.0036949216284720586,0.0061999706105597685,-0.01371666095910189
22,11,-0.017250502303646238,-0.0071465752565424865,-0.02763533331610677
22,12,-0.013493208478160648,-0.0032465159557973494,-0.023655397378998768
22,13,0.0015989558802503975,0.011179517801039495,-0.008925342006810692
22,14,-0.004272447622015158,0.00525337529667838,-0.01393419356239079
22,15,0.001548496099788714,0.010583308293916509,-0.007875813267709902
22,16,0.005051896236018535,0.015114542117120036,-0.004835291840180714
22,17,-0.006460595731826069,0.002610345578252932,-0.015894123303149293
22,18,-0.003961105277376438,0.00438550710177588,-0.011996391718867298
23,1,-0.0023525366477951185,0.006501646316630811,-0.01107756428957681
23,2,0.026906116283304398,0.036315398516831014,0.017198692606605486
23,3,-0.012381978691138627,-0.0017416180635898921,-0.02322901622243286
23,4,-0.013491896423748857,-0.003139680679528761,-0.023718098972590362
23,5,-0.024096404828080932,-0.013982661634968979,-0.03382484496719268
23,6,-0.005596491511697022,0.004984467366890686,-0.016163024838203782
23,7,-0.005366263938035969,0.00568970372542867,-0.016185370144789737
23,8,0.001723152397274799,0.011918374712129065,-0.008523206612779369
23,9,-0.0073755196786764975,0.003156596306927238,-0.017963020492884268
23,10,0.00940117520115902,0.019991315163180187,-0.0012753115745434832
23,11,-0.011485359616143621,-0.0010015568683493445,-0.022092751779876376
23,12,-0.010282383145584953,4.920835230883833e-4,-0.020432611135274528
23,13,-0.00655903300411938,0.0039015612927003757,-0.016832836561532873
23,14,-0.0018600381637472164,0.007950366376513454,-0.0118479855576143
23,15,-0.04759300971982232,-0.03751306326992348,-0.05784463273998902
23,16,0.018187546022760737,0.02799766806853555,0.007989810235895158
23,17,-0.012981589721454318,-0.0035288883848003986,-0.022481005381011058
23,18,-0.006811925912444649,0.001963298501310139,-0.01550333271819014
24,1,0.05271075273785471,0.06561358437789246,0.039465888139809974
24,2,0.037208989612195445,0.051598794089731406,0.02271970841229514
24,3,0.005175533551663293,0.02045272003152077,-0.01096968342288143
24,4,0.007812728039076546,0.022754448439912332,-0.007063188371020117
24,5,-0.03305627289769368,-0.018894374455518403,-0.0478914695138289
24,6,0.007700683765948724,0.022917710768829255,-0.00830700141721607
24,7,-0.0011053922956653153,0.014540189734392391,-0.017461283523972408
24,8,0.00767537993060957,0.02319335688700756,-0.008678743862000184
24,9,0.00864295165557264,0.02404441681270248,-0.006924923534276578
24,10,0.025813354468170895,0.04046392055072874,0.010442498849807918
24,11,-0.033576127347010355,-0.017826525705582637,-0.05018037830510771
24,12,-7.000930050725437e-4,0.015101826966214633,-0.016723748163996487
24,13,0.0021104490544275067,0.017914803078437992,-0.01396502453002062
24,14,-0.008754201874152599,0.006573616722559718,-0.024601609168686797
24,15,-0.040627899771687744,-0.02508223945217117,-0.05583664995356125
24,16,0.019433700599237963,0.0347100364767651,0.0033634236594664536
24,17,0.039057053253744214,0.052454888289957084,0.02547616177916248
24,18,0.03614970420324926,0.04916231936833205,0.023570473044876295
25,1,-0.013754360475674542,-0.0059750695975713105,-0.02192872831525735
25,2,0.001454547856224593,0.010796890493439711,-0.008407959297592645
25,3,5.41326078944668e-4,0.010093635972631998,-0.008972868414529081
25,4,-0.0022269847038871513,0.00663264736485473,-0.010878374787132954
25,5,-0.00983172057790095,-0.0016256181749366105,-0.01781123402769417
25,6,0.018547438019634776,0.027333196013892832,0.009595654250076193
25,7,1.2013029481157053e-4,0.009307720257228782,-0.009154389122830217
25,8,-0.006106912621756815,0.0026688189818061822,-0.015116228373910905
25,9,-0.009468229342317162,-5.505324426763965e-4,-0.018651548316788058
25,10,0.015314945726047864,0.02409667032423357,0.006377333303618669
25,11,-0.016133489878214526,-0.007388227220592413,-0.025352723279578777
25,12,-0.0029290649750412286,0.006000699754241563,-0.012044038734756481
25,13,-0.004795641969351128,0.004070024812406989,-0.014173596205126511
25,14,-0.023543322278025573,-0.014461628551181775,-0.03233308888631861
25,15,-0.030608362150264835,-0.021920077170316642,-0.0395567152060858
25,16,0.006322793505206696,0.015311685756498557,-0.003076303795868173
25,17,0.0025248313503960767,0.010377447772181997,-0.005998049321080517
25,18,0.018676228014480156,0.02566493659934491,0.011476525564456039
26,1,-0.009609395147013918,-2.6277158256209944e-4,-0.018868036226857603
26,2,-0.005158708398684677,0.005623439571813427,-0.015703046421183853
26,3,-0.006600490016067445,0.00427411475569362,-0.01708686852573414
26,4,-0.011663650639700197,-0.0012953762995899544,-0.021522977482256636
26,5,0.009242779206503663,0.019068476643707654,-5.160371281216559e-4
26,6,-0.005026882747018901,0.006106018697442676,-0.015878577290203342
26,7,-0.013617207284590396,-0.0027824736711643816,-0.024465393655508646
26,8,-0.009472514658294798,0.0010343856870481448,-0.020212087166528662
26,9,-0.00875516825115267,0.0020115237371073026,-0.020248862974004137
26,10,0.012704466328425245,0.022856823976441246,0.0028690242779564135
26,11,-0.008329016729778514,0.0025550438131547765,-0.019378158118704525
26,12,-0.007674579231652356,0.002713691788936403,-0.018598128866527338
26,13,-0.012748740508806143,-0.0017212548364201733,-0.024050983297563965
26,14,-0.015552980501525577,-0.004918361950355045,-0.02567228061985696
26,15,-0.004906871592370369,0.005244257292554204,-0.015295299852437534
26,16,0.0060273901906070515,0.016727070320701566,-0.004778919114734171
26,17,-0.0038297840929556633,0.0061461307888772175,-0.013571416712263706
26,18,0.015420831796826252,0.02417413405380954,0.006814850132839427
27,1,6.95838859634864e-5,0.007190136158387831,-0.007207427087684661
27,2,-0.00920392796675051,-8.644603388709748e-4,-0.017693274444793752
27,3,0.004117334595401728,0.012915919183746665,-0.004543072345835781
27,4,9.118291983399281e-5,0.008152403640264877,-0.007834579626201503
27,5,0.004156986811153619,0.011669027237106843,-0.0032147392108990806
27,6,-0.006502612866708538,0.002218214518234769,-0.014780611635401612
27,7,-0.011520209205551375,-0.0025006926000766816,-0.02069195906006361
27,8,-0.010167714065767473,-0.001666289525550289,-0.018909223735123524
27,9,-0.010074865978874107,-0.0015572517130619634,-0.018642291427499676
27,10,-0.007159113940612558,7.4653317785481e-4,-0.015337828741583058
27,11,-0.00199148142041894,0.006422085880880135,-0.01050849732868477
27,12,0.002968666450849992,0.011696201821681728,-0.005941697489814688
27,13,-0.006520887846239795,0.0017079135382740524,-0.015321181864495787
27,14,-0.011069495750163028,-0.002397522116602379,-0.019500965711820015
27,15,-0.009091866045681614,-9.547772690519968e-4,-0.017315243894151615
27,16,-0.0017540037435220595,0.006393334063688404,-0.010621790530007776
27,17,-4.5115088715105616e-4,0.007167501041057725,-0.0077762762435658874
27,18,-0.008964316839873955,-0.0022497844737336802,-0.01554305514923662
28,1,-0.102268442865559,-0.07189822737441691,-0.13262268356640117
28,2,0.014352936355664127,0.04929318621787868,-0.020139607019934568
28,3,-0.046986098940871676,-0.014730657060117506,-0.08075366073958071
28,4,-0.006829296411879397,0.02462508549291872,-0.037992271558952115
28,5,0.016563601283887668,0.04673544123740762,-0.01356708760534377
28,6,-0.01643893686476111,0.016001543370599728,-0.0480325028451101
28,7,-0.0545111197263885,-0.02051899759001589,-0.08890894017985936
28,8,-0.04683023662695978,-0.013789444861737608,-0.07898702739369617
28,9,0.004050642129726195,0.036431639569036486,-0.028255679483537015
28,10,-0.006424200939468378,0.02415778477237463,-0.037570402994463695
28,11,-0.0252643133940519,0.007357754572575055,-0.05949837401863974
28,12,-0.11477955445367288,-0.088765385177974,-0.14096259460531277
28,13,-1.8235177180247857e-4,0.03189784588532874,-0.03256523257003676
28,14,-0.05843097736415587,-0.026426626096716335,-0.0905649080671563
28,15,0.00294264236447757,0.034783619355208316,-0.030319305360633597
28,16,-0.039631464825766155,-0.004993326252145457,-0.07319468562180854
28,17,-0.006955965214259017,0.022008870783203592,-0.03574010981120487
28,18,0.10898867456131502,0.13906341281469622,0.07913920898964241
29,1,-0.03961827043227722,-0.01634540417536018,-0.06399985942848149
29,2,0.019973303707021575,0.047600046540920746,-0.006836121386644474
29,3,-0.004148490097301399,0.02202552176104109,-0.031070225925711677
29,4,-0.009121532199842214,0.018318138784224794,-0.035831819165702036
29,5,0.008226434648572709,0.031883109025308845,-0.015308497267503336
29,6,-0.030286400579591657,-0.003415660026424015,-0.057205933077547455
29,7,-0.028941754372782562,-0.0010693786498552939,-0.05754822979721817
29,8,-0.03401394353321581,-0.006255980206382574,-0.06164053242061043
29,9,-0.013648484252002914,0.01319251556543603,-0.04072215736410168
29,10,0.005430943131955414,0.031685010831482265,-0.021806893849373427
29,11,-0.0065018605615687515,0.01955063424461818,-0.03184841496983824
29,12,0.01776715080440462,0.038172047202134754,-0.0020394913643840763
29,13,0.004110656060273841,0.031193930529165585,-0.024079783167745082
29,14,-0.019049182514999662,0.006983410427153677,-0.04539380069212367
29,15,-0.042884007207519496,-0.01622635516655769,-0.06926314475950869
29,16,-0.011710313105405663,0.01658606309419576,-0.0384388470558666
29,17,-0.0015796660969462704,0.022912783176190506,-0.026148305341720485
29,18,0.013598068119378508,0.03961578784462107,-0.012132735809099402
30,1,-0.0046351441347563475,0.006639239189901979,-0.016417707619405725
30,2,-0.014492369759473458,3.0867610377919663e-4,-0.02885701462067301
30,3,0.016918875301927414,0.03085154593900138,0.002938464321928051
30,4,-9.400637645308294e-4,0.012210438447243632,-0.01495106185950926
30,5,0.0067315462927641095,0.01815985462502177,-0.0054529861065804935
30,6,4.1322190991917264e-4,0.013610746360522591,-0.012439918923492688
30,7,-0.020444258158296428,-0.005729811035560242,-0.035128964215708984
30,8,-0.06856576534323222,-0.05407848860756554,-0.08358007737632711
30,9,0.0029713558042607944,0.01719716395756857,-0.01100942828040013
30,10,-0.016355255746397693,-0.0029907903780557097,-0.029763433691348803
30,11,-0.03722507713163052,-0.023719297683565777,-0.05180864927560366
30,12,0.061725243688582676,0.0708370958136201,0.05247974052825169
30,13,-0.0011982859903362664,0.012369519151999549,-0.014695297179369677
30,14,-3.5096583154903044e-4,0.013699020667141886,-0.014203609270333926
30,15,-0.01947277242210508,-0.005553670804890012,-0.03437206304331025
30,16,-0.006679310770411044,0.007033303247799316,-0.020560677178131932
30,17,0.016963137506625585,0.029298262493606488,0.004780502591698932
30,18,-0.023271375215585133,-0.009927281120553775,-0.03686717579974047
31,1,-0.019624648778084036,-0.012140237490681334,-0.027164985104370994
31,2,-0.00803063445206323,0.0021187904289402286,-0.017604577254225925
31,3,-6.928650572716397e-4,0.008449898808059478,-0.010001119017150135
31,4,0.008786496751269924,0.01742645765929995,-8.61295219542532e-5
31,5,-0.003717558661624147,0.004069637174760782,-0.011904734740614317
31,6,-0.015743837214967343,-0.006529054883009224,-0.024994684540538464
31,7,-0.007178434181058924,0.002545933510520827,-0.016920205403923815
31,8,-0.015163763939847974,-0.0061749100875162334,-0.024494710041200192
31,9,-3.615635743312725e-4,0.009109729634136251,-0.009830516529792357
31,10,-0.007324333450550168,0.0019365880813420578,-0.016191897620318762
31,11,-0.017741781631406668,-0.008778409941063875,-0.02658560046364135
31,12,0.015893684344959975,0.022627330575977128,0.00942114126943015
31,13,-0.010857883853998385,-0.0014727043873150995,-0.020195582835708208
31,14,-0.00964750076861721,9.303835389043925e-6,-0.01919051670660667
31,15,-5.699892925860395e-4,0.008698962319712318,-0.010183817376093793
31,16,-0.010909027921501403,-0.0015345436537721197,-0.020207393967241204
31,17,0.010644485524161756,0.019074874959878883,0.0025473008637022457
31,18,-0.004478068131327319,0.003994663449841673,-0.013040393744956993
32,1,0.017845945364092217,0.027059582415057768,0.00870735872102224
32,2,-2.0199402741044787e-4,0.013141903807690557,-0.013484023113339419
32,3,0.03263957012612777,0.044460443457966736,0.01995014134352148
32,4,0.0033659093521982487,0.015739844120867992,-0.009288426350556614
32,5,0.01262485261269836,0.02335893056552026,0.0014453796282583428
32,6,-0.003980295087842372,0.008547996414474767,-0.0163380863715223
32,7,-0.0017888089844565434,0.011454516981545515,-0.015784194997375947
32,8,-0.009281738371151314,0.003899905713284245,-0.02257565011370624
32,9,7.426871231587784e-4,0.014132648223032004,-0.012850046889781816
32,10,0.025256562835070728,0.03711873309671055,0.013220303571354366
32,11,-0.005848864128291449,0.006790515125210483,-0.0183744782087114
32,12,-0.02710228898313168,-0.016684828133488042,-0.037640301132100186
32,13,0.009366498245683755,0.021999835294285196,-0.003171560930953408
32,14,0.00336888535086259,0.015884162291664013,-0.009602944956962338
32,15,0.0021299195522092645,0.014658661379038295,-0.011152838272718834
32,16,0.012451086305140193,0.025521220837881737,-2.966621606573352e-4
32,17,0.012195463382169355,0.02342542437231244,7.775379584212211e-4
32,18,0.005212379560505209,0.017284700711693496,-0.0072022806147433675
33,1,-0.04260643944406384,-0.02971955720204761,-0.055634486846296335
33,2,0.05109763023502353,0.06664332695810715,0.034813189063807544
33,3,-0.011955821598737804,0.0036583960765304967,-0.028382340318380356
33,4,-0.028261672049990708,-0.011438033169283072,-0.04505882725414133
33,5,-0.0012688028798298295,0.01295716246829395,-0.016278365035453216
33,6,-4.664550299435222e-4,0.015629246064992705,-0.016599577580426517
33,7,-0.020106918355725464,-0.0030062712604438974,-0.03839774097052466
33,8,0.008076874516831128,0.023715123254838322,-0.008240729080618965
33,9,-0.015858977317560197,0.0014251919930581382,-0.032818169953964325
33,10,-0.0046422117727812715,0.0122612126722233,-0.022239037981973638
33,11,0.012990297800885134,0.028341273243766393,-0.00299841076824456
33,12,0.04521887652234237,0.060311299161233574,0.030446118088119804
33,13,-0.012556412695675378,0.0037215639858206233,-0.03004637906700072
33,14,-0.048958219469069864,-0.03245095203772173,-0.06640482631036625
33,15,-0.011188428123077495,0.004697673717055222,-0.028912504346471773
33,16,0.004497688138548005,0.02189350999480898,-0.013219883064211924
33,17,-0.008380818907704105,0.006465558924076015,-0.02374455033421043
33,18,0.015281735741809424,0.03098121683954842,-4.263855113854832e-4
34,1,0.0142234664751968,0.020452102798072302,0.008075406221049531
34,2,0.002624026434477933,0.01205642286165955,-0.007342794042542677
34,3,-0.006287776116911082,0.0029373565179018615,-0.015488399655538552
34,4,0.007809117506416151,0.017336572061019264,-0.0015794565228190627
34,5,0.005157050799138483,0.013051796994202055,-0.003427333882132078
34,6,0.00600265630669475,0.015561889611076032,-0.003266037434479004
34,7,-3.07498859972792e-4,0.009519890615794129,-0.010474179304977425
34,8,-0.008203147748787871,7.200015033323303e-4,-0.01749836531724922
34,9,-0.008068995873420292,0.0016460638847853846,-0.01800161828725939
34,10,-0.01164831902620158,-0.0023609246538958918,-0.02173401067098259
34,11,-0.004276621492837698,0.004979566667254569,-0.014351275857701445
34,12,-0.0034640072585759175,0.005857217909690606,-0.013014398064465027
34,13,-0.008421694856504909,0.0010982251243087026,-0.018067130716865464
34,14,-0.020405269478230174,-0.011115146096388457,-0.030078756238866113
34,15,-0.002496958353552855,0.006468396396415032,-0.011994487335363723
34,16,-0.00465929469270913,0.004990299064732,-0.01492418871680482
34,17,0.015492662768154586,0.023939632720353543,0.006867706391123574
34,18,0.02114704206820094,0.029579834726534176,0.012576369624985819
35,1,0.007582640122212974,0.012536960088211332,0.0024187785730831446
35,2,-0.0051630510392306275,0.002170625417382752,-0.012471816946309163
35,3,-0.013109726725066204,-0.006092223134609991,-0.020336946748138223
35,4,-0.008184209730013055,-0.0010991770290129704,-0.01512272026557179
35,5,-0.007202013132777714,-9.92973308650824e-4,-0.013567771408650637
35,6,-0.014766726653418532,-0.007175310796953618,-0.022459122692964226
35,7,1.078047599616767e-4,0.00738768214813317,-0.007856711379270912
35,8,-0.00563430257412762,0.0013247536439247754,-0.012855649446010324
35,9,-0.002028612090676754,0.005658805077397897,-0.009620347848646323
35,10,0.0025507932326574146,0.009549130562506628,-0.004735482025993321
35,11,-0.004605789689627284,0.00226054813579269,-0.011903633286251696
35,12,-0.009830885196125464,-0.0026303566864504012,-0.016865103493353906
35,13,-0.006636377998375027,9.002421987432485e-4,-0.014293818132231661
35,14,-0.009926178894672733,-0.0026333118121533296,-0.017423127951398547
35,15,-0.007164359810092063,-2.264337854484081e-4,-0.014469646918759661
35,16,-0.0048757453873990155,0.00237536245014093,-0.012672532760526555
35,17,3.8926435932401635e-4,0.006879457743207392,-0.006228283987797678
35,18,0.0012974660805315885,0.008338469590673686,-0.005609555602657017
36,1,0.008340720376037206,0.012343487377539644,0.004206536479044083
36,2,-0.007492437947575516,-0.0011538281558163797,-0.013792117688717498
36,3,-0.004750062177380322,8.671074604019884e-4,-0.010545864207286766
36,4,0.0035586978592179446,0.009174912810308388,-0.0022164856502983575
36,5,-0.0010568296506369393,0.004112442899938326,-0.006309890165641015
36,6,-0.006227252778915591,-2.353087683506047e-4,-0.012346581631236147
36,7,-0.0027323427039383707,0.0034907675217330956,-0.008957782007040711
36,8,-0.004686535505193952,0.001381473126147414,-0.010837119278190366
36,9,-0.005034654735273354,0.0012116094765303221,-0.01122092981133335
36,10,0.0019936047008097665,0.008066537582866462,-0.004239713779466539
36,11,-0.009239334764267292,-0.0035943904373206105,-0.015589018342418262
36,12,-0.014399783187362517,-0.008291398885766878,-0.02056499820319545
36,13,-0.014070834533101852,-0.0076259566050703885,-0.020334324777358727
36,14,-6.244314957139607e-4,0.005176028662104543,-0.006593099033012325
36,15,0.0075902260151852335,0.01323841667040257,0.001519702176218366
36,16,-0.001874357777359515,0.004107747592171404,-0.008176818011325165
36,17,0.008186087541126175,0.013766162253477049,0.0027915827698563435
36,18,0.009038192278232465,0.014833433664661609,0.003036742730154084
37,1,-0.008431641028196626,-0.002957368640913957,-0.013695758170844952
37,2,6.140434651305986e-4,0.007708520190826248,-0.006516891234508712
37,3,-0.003594431858039025,0.003064334995255022,-0.010189121929540385
37,4,0.006574078036395349,0.013423110165180295,-1.9040366691238948e-4
37,5,-0.0061547254680198536,3.0648820019240307e-4,-0.01248914388263557
37,6,-0.002393331870471297,0.004851827394067005,-0.009867857700298042
37,7,-0.0016290701322226647,0.005331903122021072,-0.008913119215931607
37,8,0.0029873027849628662,0.010005413848229353,-0.00427936078467611
37,9,-0.008257696941182256,-6.63662529882563e-4,-0.015709027911461903
37,10,-0.010301455077160439,-0.0030031505240620884,-0.017702203955143766
37,11,-0.010411678129939749,-0.003134369213464723,-0.01736118166355028
37,12,0.002188890872293987,0.009017977830175182,-0.004695963017762911
37,13,-0.007458110150538452,-2.931446554358441e-4,-0.014976915674004467
37,14,-6.334688207182693e-4,0.0068648523989164175,-0.008167442443779442
37,15,-0.005574643072545035,0.0014571369129655956,-0.012758257709769835
37,16,-0.0059020029514968144,0.0017030163764015795,-0.013352129632567844
37,17,7.675834428421547e-4,0.006969063346739814,-0.005779881314878766
37,18,-0.004010653589833903,0.0027958957061622203,-0.010814053063868973
38,1,0.060382074553278084,0.06656504011356419,0.05425300385653339
38,2,0.005416450094034012,0.01318687217118963,-0.0029190549041374497
38,3,-0.007070129313304781,1.3964726392357054e-4,-0.014148419884520175
38,4,-0.0026718518697516143,0.005049341316495457,-0.010528529476956231
38,5,0.014375785326602688,0.020845820366213647,0.007663888647489465
38,6,-7.088894881963237e-4,0.007328615564075249,-0.009235121734138926
38,7,-0.0275909576901674,-0.019456624487271514,-0.03611446468219911
38,8,-0.01594041352608555,-0.008328808634543336,-0.023860764006664214
38,9,-0.0027784580668168356,0.005575040792379753,-0.011370678458957055
38,10,-0.003135831561867851,0.005111406661700862,-0.011370765684848677
38,11,-0.017995989022023255,-0.010418876299127165,-0.025854796815950584
38,12,0.01371613892520243,0.021536263150288514,0.005855443854686338
38,13,0.002868951949034766,0.011082057847275905,-0.005110919839865886
38,14,0.03685258379387253,0.04372936660008037,0.02977123721208944
38,15,-0.0379438669151983,-0.03011579299385772,-0.0459168268826549
38,16,-0.004387536836771257,0.0036566664010222235,-0.012517965463232358
38,17,0.010122895568978614,0.017316206466037275,0.002787087224259624
38,18,0.005107899259396143,0.012744430827768586,-0.002935579680117494
39,1,0.02009431169741554,0.024721430541416435,0.01546057137927996
39,2,-0.0017475929664616926,0.0033294880850980534,-0.007140973983237623
39,3,0.003205627138606791,0.007755264813887277,-0.0016104735055980305
39,4,-0.00788166016669125,-0.0029019317678504776,-0.013059937930031067
39,5,-0.0020112831646075724,0.002575937419915943,-0.006697384543353231
39,6,-5.845960151149832e-4,0.004498301155529792,-0.00599350429899748
39,7,-0.014851075910907174,-0.009790919434999814,-0.02013211380137575
39,8,-0.016160391345547455,-0.011327322149264494,-0.021364614516846854
39,9,-3.161737617976752e-5,0.005333003230205677,-0.005255193124774411
39,10,-0.006362004063134649,-0.0011317471147878743,-0.011567197588156879
39,11,-0.012004561783310337,-0.006830835216653629,-0.017073395242394686
39,12,8.898290888273246e-4,0.006259705310934898,-0.004481308379381648
39,13,-0.004229872560369404,9.96236157671652e-4,-0.009715416996211123
39,14,-0.0049697092122539775,-1.2285810905716351e-5,-0.010198815787520505
39,15,-0.01580784127498126,-0.010858814235274714,-0.020583547745918633
39,16,-0.0028831069229414623,0.0024598756255149235,-0.008266505992817686
39,17,0.0030228466350282505,0.007751163397323319,-0.0017344436834358834
39,18,-0.003501113121819462,0.0014685033433106344,-0.008715121044729497
40,1,-0.02322576852263322,-0.016650264036099597,-0.03019056907680329
40,2,0.0018254223800030448,0.008680127420150084,-0.005178079357209823
40,3,-0.001886157818910243,0.0043361108199292085,-0.007899503212056576
40,4,-0.005762011964855159,6.060222989670947e-4,-0.01250709696381803
40,5,-0.002021284949762431,0.004120472532406211,-0.008070909828182933
40,6,-0.002671294645823913,0.004082523574265015,-0.009543911567179706
40,7,0.0045096219841672305,0.010830619595729217,-0.0018718211306930164
40,8,-0.02713602364380771,-0.02031777843655388,-0.033968931357577926
40,9,0.0010238358803767583,0.008027440805220326,-0.006101151826186546
40,10,-0.008685512523670426,-0.0017731209436882024,-0.015582531319308602
40,11,-0.01156108054211896,-0.004980262577581267,-0.018207328294057273
40,12,0.00378093736196844,0.010433538728358742,-0.0031225085069613075
40,13,-0.006248969917767315,7.793064199749591e-4,-0.013352245480353906
40,14,-0.01802217611829622,-0.011601152547188784,-0.024750768006878008
40,15,0.033306559626381654,0.03886401104801371,0.02753271230629337
40,16,-0.007466308219946538,-3.26766449787256e-4,-0.014542164020441907
40,17,-0.005108751500378157,0.0010677502313875713,-0.0114830061799293
40,18,8.717347213099359e-4,0.0072695217033603805,-0.005940010352027197
41,1,-0.008185213836613026,-0.0017313858705366035,-0.014952169263167989
41,2,0.002205488399331928,0.008663216869593843,-0.004381917459353427
41,3,0.003587412573502104,0.009346558614612028,-0.0026537496155973643
41,4,-0.008187245670487356,-0.002029148828561258,-0.014518214631263342
41,5,0.0186356482329091,0.02385333260594135,0.013222686488932517
41,6,0.009684320517785306,0.016020528987281988,0.003020937157636255
41,7,0.01494111600199069,0.020600598367426698,0.008973508457800719
41,8,-0.007787120661321529,-0.0019556704770478427,-0.013625429046628336
41,9,0.003137891249045417,0.010261994487889923,-0.003166530692124733
41,10,-0.0023025027151468563,0.004179521895461248,-0.008856719903183598
41,11,-0.007075847177487068,-8.28460230974519e-4,-0.013356597137168923
41,12,0.011828625986419532,0.01809914520163667,0.005309319783611232
41,13,9.860933180111755e-5,0.006544918315858621,-0.006459927134181905
41,14,0.00868191489050413,0.014430743515196142,0.0023874942104129115
41,15,0.02321756941122237,0.028710460557169033,0.017657725313490958
41,16,-0.0034616880707393203,0.0030469358727686345,-0.010129024368785208
41,17,-0.006602941370100288,-3.202221176818313e-4,-0.012930695321931814
41,18,0.00614983668151127,0.012562134348304436,-1.9019408501874752e-4
42,1,0.03716300229324966,0.04967131044502586,0.02485769045697953
42,2,-0.008381113860658478,0.004534620450595178,-0.021118113592588337
42,3,-0.018930145563941618,-0.006427908586160486,-0.031303110360864625
42,4,-0.004014025519453241,0.00938724396589946,-0.017388673883315657
42,5,0.01538485616463016,0.02681275762362156,0.004218263334084653
42,6,-0.013406016567039937,-9.928566792239404e-4,-0.02521081396711114
42,7,-0.035447101394467766,-0.024624605729245887,-0.04685707308584094
42,8,-0.02554394759709035,-0.014067828392193131,-0.03741776536575097
42,9,-0.025981519761484533,-0.013273205490465284,-0.03956355285700501
42,10,0.012280264223059289,0.02440344975496648,-8.281581115716647e-4
42,11,-0.027301067426331708,-0.015394125137443655,-0.03999901007178738
42,12,0.013109867116529395,0.026148075610069026,-5.110059849457999e-4
42,13,-0.01529300066059958,-0.0030310716979735346,-0.028075214866200838
42,14,-0.001387268691705289,0.00752528505104754,-0.010192051085455369
42,15,-0.03236278954306136,-0.019751620421270284,-0.04505144476091191
42,16,-0.014257448111539155,-0.001135214056531247,-0.027589196242852443
42,17,-0.00824617494422624,0.003896190130420188,-0.02062574757492614
42,18,-0.011878056031510927,8.42546511816501e-4,-0.023807117552965888
43,1,0.013784061793546704,0.02306057620566972,0.0043264020790479115
43,2,-0.014725095098198466,-0.00415238542552316,-0.025402294986587144
43,3,0.0027218745527829687,0.012742811854324423,-0.008077110524906594
43,4,-0.013879784867525419,-0.0035896433205541084,-0.023649076574192907
43,5,-0.007068759210287686,0.0022634429890174192,-0.016120373641369007
43,6,4.1065763513581464e-4,0.009914837248640337,-0.0092141827759191
43,7,0.005822574185896344,0.014596057867828362,-0.0033267505680375847
43,8,0.018388327182244178,0.026649861384148987,0.010225499530035511
43,9,-0.009846042973316819,3.188392968427169e-4,-0.020092543419454358
43,10,-0.0031795420832421055,0.0067698843095527535,-0.013266844561185261
43,11,-0.004147645292823646,0.0059254732044757554,-0.01436538548321659
43,12,-0.002201508350232733,0.00793972475675633,-0.012721934308125621
43,13,0.00947949008770825,0.019799517813856967,-4.229793711488493e-4
43,14,0.006991524087258278,0.014302800532600066,-4.608041409917205e-4
43,15,0.017695047200873323,0.027114739012305985,0.008216688017012577
43,16,-0.002855558481772447,0.0075302951052506365,-0.01318211888166956
43,17,-0.006647951235333859,0.0026688903623045797,-0.015969300837253564
43,18,-0.0026430579453973254,0.006668227440277829,-0.01219116576318844
44,1,-0.01018133035367605,0.003518888974464826,-0.024219998609608724
44,2,-0.036285979849048466,-0.021354915320040354,-0.050633738551148576
44,3,-0.01369443790881247,-2.3127782477724469e-4,-0.026934777000563053
44,4,-0.01885778333341665,-0.005708592417037017,-0.03359972816280816
44,5,-0.01976431923804514,-0.006792079142991754,-0.033327730591020586
44,6,0.008738115998346004,0.02253386141509746,-0.004447138736079692
44,7,-0.005048065018398754,0.009547866226738373,-0.018976190349201
44,8,-4.3958160432516855e-4,0.012798319172516255,-0.014572765361282766
44,9,-0.02845184406566987,-0.013772851239214994,-0.04297146522818907
44,10,-0.00768546313278283,0.0069289715756729155,-0.022315063224330873
44,11,-0.04864178991060443,-0.034948069763011194,-0.062406076781108974
44,12,-0.013095950722197991,7.438612863583301e-4,-0.02747486881540588
44,13,-0.030331648522343723,-0.016557681491011604,-0.04466291409519856
44,14,0.021020245103183156,0.03084092775154992,0.010288215396979647
44,15,-0.02523875790932755,-0.011078374076406907,-0.03831709744399281
44,16,-0.03179299968695916,-0.016604485007626738,-0.04636893042166595
44,17,-0.006899597189578974,0.007264676238423762,-0.020198058446063573
44,18,-0.01895099917542713,-0.004494644904271081,-0.033284075494181
45,1,0.005141115847894177,0.024321427113821084,-0.015027914021387088
45,2,0.018164470655037845,0.03965244420462511,-0.003567908508281106
45,3,0.02142479761395758,0.040205012294326305,0.0014769365165595548
45,4,-0.007900997039170765,0.013570718377097807,-0.030316487724822126
45,5,0.022878612720458352,0.03948871530242301,0.005209471162426522
45,6,7.817845818398417e-4,0.020755664304249105,-0.019601052939606692
45,7,-0.018835559991654715,0.0027634089382787778,-0.040348586152236764
45,8,-0.002359245369651454,0.016721176912088066,-0.022822444606888634
45,9,-0.01823226163273574,0.0036143298614922663,-0.04012242439068286
45,10,-0.004751902585061213,0.016136047368120767,-0.026634177910258613
45,11,-0.010381968992699473,0.009884334560454226,-0.0312510002293335
45,12,0.009520712871682336,0.03074990442645523,-0.01191504742081241
45,13,-0.015006442146301202,0.007368689293660618,-0.03771626535291097
45,14,0.03866167525649583,0.05354583551300742,0.02390654655039171
45,15,0.01268449006507114,0.032923350832780626,-0.008350977796443584
45,16,-0.013349953805893832,0.008224218023059766,-0.034704628408339135
45,17,-0.00922725065810699,0.011116124064729324,-0.03067580828663676
45,18,-0.013266017149214219,0.008101021106782322,-0.035359807332146914
