government,topic,median,upper,lower
1,1,-1.4416993580028223,-0.6105025583138395,-2.1290546387999045
1,2,-0.92443692550069,0.0981257466749211,-1.6668513001563472
1,3,-1.028961006461775,-0.12029644971528891,-1.705978333679075
1,4,-1.7249452288332492,-0.9537469536425486,-2.397180202434998
1,5,-1.7744922669423575,-0.9146710236037044,-2.4910579872814402
1,6,-1.792979827852587,-1.177965876692795,-2.6290200003585524
1,7,-1.0852072845655885,-0.2235993042885904,-1.8518624896958809
1,8,-0.03447652560765464,0.8950211602124918,-1.0492184440217884
1,9,-1.045833612520644,-0.4504373676246907,-1.5866847292256148
1,10,-0.9110738344452642,0.0902407705387091,-1.6553910888181749
1,11,-1.6816975925673772,-0.8169838999519625,-2.4249493365982615
1,12,-1.0629989926359302,-0.14469984923136184,-1.7393842766794383
1,13,-2.096127137176806,-1.4314102533062314,-2.900511291469872
1,14,-2.1905958028947596,-1.424102122246996,-2.831388384680332
1,15,-1.3806369800886304,-0.5180868564081038,-2.124545229977087
1,16,-0.469602825028006,0.43943063528034443,-1.0898245919433245
1,17,-2.1562469623239124,-1.1880101836987327,-2.8514167142200493
1,18,-1.5941894978854476,-0.6837529568017326,-2.3404903489125624
1,19,-1.9861705981437234,-1.3102506610690612,-2.739706437793355
1,20,-0.8909036388771574,-0.02443373885070593,-1.5549501348411954
1,21,-2.091713920487554,-1.3407994097431009,-2.787657812998845
1,22,-1.8423539706159238,-1.0238242377795017,-2.5012404152380485
1,23,-1.997374355972776,-1.2375084622983328,-2.6753480402572865
1,24,-2.3690402384600993,-1.5945682704391415,-3.1488426698353464
1,25,-1.0309577036334368,0.13330452449534325,-2.1199511680508345
1,26,-2.002588070367629,-1.2409260502770967,-2.6782350980540266
1,27,-0.9705403037833624,-0.2087472736106756,-1.6274708896961665
1,28,1.128629763395699,2.100657545082548,0.29122984301104116
1,29,-1.8959132822926037,-1.0992976601999984,-2.5935661505164003
1,30,-2.115387303489806,-1.3823186422683058,-2.918459069970751
1,31,-1.3422038213265677,-0.2908812206758281,-2.084704362048159
1,32,-1.8079579435692452,-1.1498634309806943,-2.5694863874175966
1,33,-2.408321328477917,-1.7071001887898436,-3.1355859482436226
1,34,-1.1403694105515936,0.15944906355489352,-2.4401560382122485
1,35,-2.217259610806164,-1.3813769317916835,-2.9360882490178892
1,36,-2.028253381482866,-1.1950256477653918,-2.7174700201909663
1,37,-1.7732340567694223,-0.9618400072993885,-2.482618649915359
1,38,-2.2460596396029975,-1.3417013626559016,-2.9157156137733886
1,39,-2.4140735687775683,-1.6172384841530458,-3.1264950355564576
1,40,-0.49146009361210163,0.36824285730001466,-1.1577321683254356
2,1,-1.3005494385021765,-0.24297515597100627,-2.382211062797766
2,2,-0.36946153700379425,1.0555225083473168,-1.5428492812800245
2,3,-0.5213124388783776,0.5990879042134403,-1.6746225515917899
2,4,-1.298216435101191,-0.18851390828726025,-2.430197168086773
2,5,-1.6080946552849444,-0.521580882295187,-2.8508037303314437
2,6,-1.247430926603351,-0.0601226914754263,-2.397644534813929
2,7,0.7504722475590617,2.4248159705890604,-1.3338154484606513
2,8,-0.6400143511697478,0.698656995130862,-2.0802790557601627
2,9,-0.41356756963426,0.8010736266263524,-1.5525258115841232
2,10,-1.0384103217456802,0.0831675583810902,-2.2585513673142183
2,11,-1.6002335798285223,-0.5605469511302714,-2.725656597704257
2,12,-0.39969249058085726,0.6940397775655736,-1.5978890060095368
2,13,-1.6360856765308984,-0.5059212541819872,-2.783814988929281
2,14,-2.1903802006538933,-1.0572568118571315,-3.1659994329627676
2,15,-1.1707354799319556,-0.06830631089597441,-2.3161035032101496
2,16,0.008605784600992435,1.1687938137674925,-1.1096054222896867
2,17,-1.9475389913932633,-0.7846691508655687,-3.0929975821300935
2,18,-0.8967088650578524,0.37549288187916574,-2.3140897039417387
2,19,-1.7910868633722483,-0.6068443497965963,-2.9976255932455573
2,20,-0.5283899320462245,0.9015553609312217,-2.0027726744093224
2,21,-2.0960204682643755,-0.9556803370868003,-3.2752656353460887
2,22,-1.5995201932441065,-0.429959546663648,-2.780827775279959
2,23,-1.8121242171839547,-0.6948122813866271,-2.8621943525895674
2,24,-2.130911399599157,-1.0051769865549778,-3.2309316427999866
2,25,-0.5171049650021411,1.6550978791373923,-2.7399715625566983
2,26,-1.9683614245968144,-0.7370472136117096,-3.1922897971397037
2,27,-0.6202861950211289,0.9118081324435312,-2.024661698691259
2,28,1.9736194933923263,3.267545234417091,0.6178685635808276
2,29,-1.7318545444583084,-0.5599724782768922,-2.8263044518781912
2,30,-1.7969612088112616,-0.6676630653200837,-2.975384086730979
2,31,-0.05347222661906405,1.4582913461822429,-1.2970369968038218
2,32,-1.650664795158593,-0.3819555753256021,-2.7954496774786883
2,33,-2.031457538878075,-0.8708589073139141,-3.177825093302482
2,34,-0.9116003493327296,0.45703406411462555,-2.321271287021842
2,35,-2.193761349241816,-1.0799335662973395,-3.3235521268359394
2,36,-1.7435491558440621,-0.6057970395763532,-2.965312039891452
2,37,-1.546043384784719,-0.5899805427914057,-2.6309006168087223
2,38,-1.9949378468091707,-0.8322143369450825,-3.3336339643729453
2,39,-2.3217240389700704,-1.2030612225721355,-3.4215887424104277
2,40,-0.556430483945675,1.3982396720322743,-2.318994087243866
3,1,-1.6159023236564873,-0.4876510726028284,-2.6861801178087332
3,2,-1.14158626343669,0.30332126708628715,-2.4318969409879556
3,3,-1.0194191426251713,0.08147245202636054,-2.2178091955237247
3,4,-1.8581633455552047,-0.7683243026769925,-2.9615396169797705
3,5,-1.7792690526887065,-0.5971802679791496,-2.9674937911405346
3,6,-1.7754006384573993,-0.5876170796142625,-2.885676379191116
3,7,0.1660113554116424,2.0295976684745343,-2.496358855292738
3,8,-1.1684571796057202,0.19655652538702606,-2.6026069918632024
3,9,-1.1724088440293685,0.014035020188330968,-2.357810843586693
3,10,-1.1331450550631237,0.015456117997584961,-2.3539697705790896
3,11,-1.6373294388107458,-0.6299521352804986,-2.761662814753284
3,12,-1.1767753627045705,-0.07263823793143413,-2.4316446553081645
3,13,-2.036421985748024,-0.8228864480690462,-3.0954260406654033
3,14,-2.167029590463673,-0.9913071817320679,-3.129401612929269
3,15,-1.5287800692691935,-0.39414819649956523,-2.615771147397109
3,16,-0.3939528683002761,0.6702842986128968,-1.5387331912774191
3,17,-2.129175909213034,-1.0346303819127887,-3.2393887562596615
3,18,-1.7255706497745773,-0.17545054423501125,-3.120286416266641
3,19,-1.9129700323985497,-0.7551182535926018,-3.179849601500715
3,20,-0.8959834914622697,0.7950466929212433,-2.6591936956933693
3,21,-2.228980118220592,-1.043190108359024,-3.4333199509252186
3,22,-1.9122487016114276,-0.7741594348404505,-3.138537994017481
3,23,-1.9365425279799804,-0.8542116562192641,-3.030826670522288
3,24,-2.3275316946364293,-1.1715680570051699,-3.451682055908694
3,25,-1.470320877330165,1.3083586515045413,-4.226028310852842
3,26,-1.91887472096944,-0.7603438372660503,-3.1109061659169726
3,27,-1.5476289067051772,0.13310366225373327,-3.1014778555597444
3,28,1.2859060601884464,2.7046935126221134,-0.16127673915693344
3,29,-1.8497648330989223,-0.7533661933738642,-2.985955541277116
3,30,-1.9192779568901712,-0.877446600312011,-3.123164899349997
3,31,-0.5537127818473546,1.0802815481947967,-1.8888149454960868
3,32,-1.8250349658440745,-0.5929690290366797,-2.974948989503992
3,33,-2.2267222636938606,-1.1441747285223633,-3.3905901558165152
3,34,-1.1946295875191184,0.15349723627821632,-2.656629565759072
3,35,-2.30669956666323,-1.2043631004924473,-3.397228652144374
3,36,-1.8006250298884514,-0.6692236562796823,-2.900830872244598
3,37,-1.7695069540344897,-0.7319963873715565,-2.8290653608823026
3,38,-2.1017254501746025,-0.8978394862197444,-3.380169242949287
3,39,-2.3909031621143773,-1.2545457436505836,-3.4489162924004066
3,40,-0.6897417858385967,1.4452664259573986,-2.785511480862136
4,1,-1.4549384919938142,-0.5132248919987737,-2.37578594274309
4,2,-1.3531948238424358,-0.2022383730823257,-2.4371801455600446
4,3,-0.9026603801703033,0.11107709750107003,-1.9401520977293767
4,4,-1.729861523446751,-0.719122375001037,-2.733294286788195
4,5,-1.6755513695312947,-0.6559783835415969,-2.749432859036922
4,6,-1.6479887987030999,-0.6258787157573172,-2.6478496523964443
4,7,1.339414310742597,2.8262566928417865,-0.4208500241753559
4,8,-0.9394167251503416,0.2283780463893149,-2.2246149496217624
4,9,-0.9635345241937816,0.08853404762821439,-1.9601511278616683
4,10,-1.2691400903807564,-0.30038888982677375,-2.365434005497905
4,11,-1.8118725320584752,-0.9203348646598986,-2.8822122209947065
4,12,-0.8656902700832438,0.10775392066854803,-1.9464237824745234
4,13,-2.040022955500219,-1.025649234330785,-2.9886848008984863
4,14,-2.1264034096743227,-1.111962226092135,-3.0207369159896573
4,15,-1.4142733306800155,-0.472602781269067,-2.4461839921212025
4,16,-0.04896377025816768,0.940825693455849,-0.9708099201234
4,17,-2.113082540620688,-1.1438606101230182,-3.0825354068151505
4,18,-1.6309779322454692,-0.4208356416752467,-2.7847363042188906
4,19,-1.8167884281584963,-0.7818157250397357,-2.8887487295711334
4,20,-1.1348437004148255,0.17004247704955108,-2.530979157373349
4,21,-2.234232798614001,-1.1969398697140228,-3.312517197373417
4,22,-1.953597179403509,-1.0016635113708106,-2.9833430516719726
4,23,-1.9484431935315565,-0.9599724786591448,-2.951343880097928
4,24,-2.265866300403684,-1.280366530257345,-3.2418252700727246
4,25,-0.9930962110607369,1.0192626388610924,-3.054676000425006
4,26,-2.0212042773785486,-0.9593187557055748,-3.0684832905985586
4,27,-1.3232740915531593,-0.013053271563657091,-2.5616390289416153
4,28,1.461905148510569,2.5127437957278125,0.27890040511251585
4,29,-1.8682862989648292,-0.8954395503800787,-2.8315034876217164
4,30,-1.9164228743311025,-0.9812128939558606,-2.949974703875096
4,31,-1.3378211806212914,-0.09727441012993546,-2.4601460490024163
4,32,-1.791728742273179,-0.6731050465698809,-2.835250067930891
4,33,-2.13739348560739,-1.1749978204700893,-3.1657017962557976
4,34,-0.9025458693736275,0.23955724852146681,-2.1744877556308233
4,35,-2.2996409776387763,-1.2885914163975178,-3.245327367862504
4,36,-1.7714411797996141,-0.7081574026226887,-2.8182517719208597
4,37,-1.7166193525826052,-0.8182230608735914,-2.671712549861314
4,38,-2.0418473168242435,-1.0297402363393595,-3.196206355108262
4,39,-2.3466154425553096,-1.3417306501710424,-3.3326889159512825
4,40,-1.1769509738962816,0.5469086125582285,-2.72263960243991
5,1,-1.53998991725908,-1.1256061907335646,-1.9567148246319814
5,2,-1.2931561417615964,-0.7536012890701236,-1.7219905705686835
5,3,-1.072616578796794,-0.6345285629937558,-1.5088763015130249
5,4,-1.7326678941073501,-1.3032397103835387,-2.139253823732049
5,5,-1.8217754612758812,-1.3943378922143181,-2.2841069295103087
5,6,-1.6533766184061287,-1.2142604821112628,-2.111551021714426
5,7,-0.5451443847682209,0.5021973896331273,-1.4062106933335665
5,8,-0.6847537808673736,-0.03921276032587818,-1.3222850713911873
5,9,-1.3125811682498478,-0.8738033891248135,-1.7346070816862995
5,10,-1.1581037353285373,-0.6766331830931848,-1.6070847725145945
5,11,-1.7068867275195738,-1.2635722068557234,-2.138275240617945
5,12,-1.18553779506993,-0.6076522257457658,-1.6732546050288613
5,13,-1.9440982216190896,-1.4984594362942778,-2.413882929308269
5,14,-2.2283146121780977,-1.812032618863192,-2.6286260380892057
5,15,-1.3984088657782379,-0.9670705463516335,-1.8332363518144374
5,16,-0.43025747207914006,0.009636629223129724,-0.8286793197045834
5,17,-2.2482933579518782,-1.8172794343900145,-2.6776347262322653
5,18,-1.6022944200354248,-1.094189041186184,-2.0967575365042106
5,19,-1.7116546629253613,-1.1775591118741355,-2.196565025906602
5,20,-0.9655461259089384,-0.35979507936269933,-1.5749122947880747
5,21,-2.1409948663715923,-1.7137731715882514,-2.559659617519708
5,22,-1.8783100214304809,-1.454574678804023,-2.3507805662565042
5,23,-1.9925648037487182,-1.547255028555577,-2.4021467609660223
5,24,-2.378089674547018,-1.939494952109403,-2.827798647071939
5,25,-0.17852323036845644,1.013357679422768,-1.1945559189361907
5,26,-2.0105840109457587,-1.53626139516986,-2.443780903720361
5,27,-1.0377187983232043,-0.4103487506008142,-1.6035012780204376
5,28,1.1111793481390617,1.7159197532179975,0.4217673158850918
5,29,-1.9155760953870509,-1.454513837631831,-2.345241279164501
5,30,-1.973527828222022,-1.572510600719538,-2.379298939947611
5,31,-1.4608598471038943,-0.9357690215287534,-2.0034138570100812
5,32,-1.6062624901610782,-1.1872865863742923,-2.090579490682377
5,33,-2.3523025424607638,-1.9269485009821141,-2.7674718949801824
5,34,-1.3537887107448534,-0.6328580356047183,-1.9602671268167415
5,35,-2.296594854518024,-1.9019571930323649,-2.7150023146484528
5,36,-1.9955463134919913,-1.5670848060225406,-2.4387213687060068
5,37,-1.693770712856972,-1.2644176726852934,-2.117752768530794
5,38,-2.2385899202783417,-1.8133667061526246,-2.699064248760153
5,39,-2.4579955047274713,-2.0336595017974437,-2.8510459624510665
5,40,-0.6620340150768691,-0.01471050466163449,-1.3197427833853679
6,1,-1.2778337523280214,-0.6676747332761654,-1.9283295119816597
6,2,-1.1954701906226601,-0.6376816506866713,-1.7787006435452801
6,3,-0.801086577285681,-0.2209330402179459,-1.4137532735684704
6,4,-1.5815090752663084,-0.9708464320082278,-2.2646997857962377
6,5,-1.8161408832630614,-1.2164240797191574,-2.4216742301065897
6,6,-1.4170852412371935,-0.8068997053299987,-2.0386298861357424
6,7,1.3164711981671657,3.222631493742986,-0.5354112849981402
6,8,-0.012791566291234235,0.9341170311317536,-0.985043066824385
6,9,-1.1787851073865063,-0.5430617747111274,-1.814715497145188
6,10,-1.1928764988859153,-0.484013418276644,-1.9109706826147523
6,11,-1.5798288153961166,-1.0239185735453515,-2.173688356295598
6,12,-0.4961407707408535,0.3913804650740517,-1.322686264664148
6,13,-1.9313558875099306,-1.3294587992683595,-2.5716791378649386
6,14,-2.2243522723342597,-1.6764311589955239,-2.7923430910921727
6,15,-0.918217900769094,-0.3382618427372388,-1.5423796543428545
6,16,-0.3193037267819677,0.2501883386420606,-0.9582925969417081
6,17,-2.1115002416182413,-1.5260040835269677,-2.7296457016129336
6,18,-1.567364283535071,-0.9292907948825865,-2.2166282669759223
6,19,-1.9434670708454713,-1.0930846034786135,-2.851330737937094
6,20,-0.2112869163988837,0.586190992653966,-0.9945933379922152
6,21,-2.085348088384604,-1.554194752510754,-2.644127498837927
6,22,-1.651486067381994,-0.9819868873591356,-2.332918519590102
6,23,-1.8809768149303376,-1.3147106535301958,-2.458458286283804
6,24,-2.143903588412428,-1.5410213576214826,-2.7945214275698627
6,25,-1.049886293637388,1.1609617436058195,-3.2265348710275683
6,26,-2.1091776212349482,-1.5134955509890486,-2.7228162007323506
6,27,-1.0928984934096913,-0.26878169130382334,-1.885958436227634
6,28,1.9166517294177878,2.846019710482429,1.0002723191455498
6,29,-1.8717472605744625,-1.2934643771255443,-2.482956009365913
6,30,-1.9347183968140693,-1.344304851014672,-2.5335612911486596
6,31,-1.3126476455985994,-0.651238980348638,-1.9899121114108853
6,32,-1.6106378153113394,-1.0490157772521103,-2.1938392119143506
6,33,-2.2308186769863916,-1.6345167023088591,-2.9080873659429063
6,34,-0.9587158402320751,0.4379302912355209,-2.319217434040384
6,35,-2.147384114756505,-1.581088945520241,-2.7455571985951295
6,36,-2.057088356461259,-1.4666648120862231,-2.6126602929038802
6,37,-1.724455148716661,-1.1441467427707401,-2.32045284266419
6,38,-2.242076420273955,-1.6450617891273793,-2.859913259898521
6,39,-2.4158201194830236,-1.8391633043946993,-3.051503268636911
6,40,-1.093874450574881,-0.28535465290729217,-1.9027206073702891
7,1,-1.364128678297658,-0.919314232079312,-1.809371802606503
7,2,-1.051182111467019,-0.5943440413758538,-1.4895232556670772
7,3,-1.0215783044079783,-0.5595758974129094,-1.49204305000542
7,4,-1.4820381024913347,-1.0367948132766163,-1.9326562366858397
7,5,-1.6348396750768854,-1.1845408208099701,-2.066354984448221
7,6,-1.3670153080897767,-0.8974333908627471,-1.8526256417329292
7,7,0.4466848506928707,2.2177056064498486,-1.2854064922896207
7,8,-0.558834994431088,0.3578989070160084,-1.432617942518643
7,9,-1.0392705190473555,-0.6002749049844476,-1.4971999404283272
7,10,-1.3329524077901362,-0.7402718151511704,-1.9206712837756756
7,11,-1.776921931753551,-1.343496364079075,-2.211487271128342
7,12,-0.8656362466600307,-0.10438622403799766,-1.5490373795666632
7,13,-1.9917111115641775,-1.5152693699529944,-2.4283619253019224
7,14,-2.3128963877660134,-1.8803368384131782,-2.7412534830882977
7,15,-1.196394029112801,-0.7232848602712278,-1.6260765172215041
7,16,-0.49154441413199323,0.004341269936222276,-0.9846897368554822
7,17,-2.1863858931776083,-1.728578182324827,-2.60861962806539
7,18,-1.4490828945290346,-0.9277875511996896,-1.957495971782295
7,19,-1.850181778835859,-1.1334251098600319,-2.5783180716221676
7,20,-0.6859650784565821,0.018459183972089108,-1.3768943561562395
7,21,-2.006449250379743,-1.5686067629841365,-2.4422113482934016
7,22,-1.807161630281641,-1.2950310968663776,-2.3282565389251166
7,23,-1.9661200587692178,-1.5119424084146371,-2.4018141402224003
7,24,-2.274470523863104,-1.8323183729749073,-2.699604964393337
7,25,-1.2979903349284998,0.734991897331168,-3.4005263168331847
7,26,-2.092865846796887,-1.6164775243468252,-2.5115550347801863
7,27,-0.005936286512260365,0.6441556836937682,-0.6149031977867505
7,28,1.2036748549282985,2.0960682587969037,0.31207092075749304
7,29,-1.859764497459456,-1.4141775571635717,-2.2955541289484294
7,30,-2.010349680255038,-1.5903378541671969,-2.439212621850615
7,31,-1.3655431807412273,-0.8029528493212608,-1.888006732697761
7,32,-1.6346364610478021,-1.1972121536195364,-2.1008010568964743
7,33,-2.242061067326391,-1.8058662419265956,-2.683024536047279
7,34,-1.3662917121332594,-0.0510080755933306,-2.757103165988834
7,35,-2.2084967841645664,-1.7979969825983124,-2.643835027891875
7,36,-2.0176510665749863,-1.5887477318609926,-2.454154369961863
7,37,-1.4389868341634862,-1.0096616388518194,-1.8677825919921482
7,38,-2.250164345317108,-1.792232856194447,-2.7001925506445317
7,39,-2.4116984019504457,-2.0076976203408856,-2.8546393548354247
7,40,-0.8538960133643103,-0.17182768461295028,-1.5052077409633167
8,1,-1.4534642555710757,0.24978534017862505,-3.183584996853724
8,2,-1.0955866760395025,0.6805121230171025,-2.939771979390203
8,3,-1.010601535342443,0.654287454836025,-2.7159742217131155
8,4,-1.3555640041417134,0.37239463132189227,-3.137815836809073
8,5,-1.6392144678448306,0.1091158428727659,-3.4208008304043904
8,6,-1.354917149920023,0.4355722585472162,-3.1069979185844656
8,7,-0.5945208257150845,1.1515452062584415,-2.3186759090383884
8,8,-0.5383742362527705,1.3264189713781849,-2.440272213253525
8,9,-1.322057477670103,0.43022163646390627,-3.084336284941295
8,10,-1.0330059147757864,0.8250866365442749,-2.8406197133031865
8,11,-1.5905756309711965,0.17425596272887053,-3.2533699423171423
8,12,-0.9419674352882343,0.8117344265895339,-2.79632221241315
8,13,-1.9137564390259998,-0.299672084683494,-3.630355996839809
8,14,-2.2567687264761025,-0.5015858274028125,-3.9867938862937873
8,15,-1.3611272789309046,0.35436105244367716,-3.170111482694539
8,16,-0.4587250863176625,1.2409012711176928,-2.319225955154021
8,17,-2.189070962785076,-0.5066662252270506,-3.94573714315573
8,18,-1.5822148622194896,0.20846030741168706,-3.2036868072618083
8,19,-1.817566060620532,-0.12750224794216594,-3.623518281849915
8,20,-0.5311556695321753,1.19164247338674,-2.27640616116282
8,21,-1.9984108427796718,-0.25131715008105776,-3.7122926798438987
8,22,-1.764672645835339,0.013382840264454939,-3.5018399587395024
8,23,-2.0369257435148747,-0.3573053331558349,-3.716159613941176
8,24,-2.2446527109869665,-0.5358611052450765,-4.045285955515267
8,25,-1.1810699824902162,0.6000668206488836,-2.932544510260591
8,26,-1.9602691158471588,-0.35013390616237433,-3.6576489088681647
8,27,-0.858120242663762,0.9566597172169315,-2.760941337644276
8,28,1.066957078981661,2.7400045653705645,-0.7197769748732847
8,29,-1.8830496200379228,-0.15114961474192293,-3.6142093470898717
8,30,-1.9586506358035964,-0.22567536321336676,-3.66525727788033
8,31,-0.9238766700630423,0.9528241560529003,-2.733429405536612
8,32,-1.4485557795195718,0.3342522150320717,-3.247009896840263
8,33,-2.21625372151817,-0.4580374071444383,-3.89938162806657
8,34,-1.5145694602448865,0.08119731206092382,-3.1818212339942473
8,35,-2.1274146037668453,-0.3807942660014237,-3.9414813697356967
8,36,-2.021305151225766,-0.27139695932226116,-3.745890846878222
8,37,-1.6908544048607017,0.06875831829015065,-3.421868977109976
8,38,-2.196679913793852,-0.5391460597993076,-3.898926049766328
8,39,-2.3557810916666924,-0.7280539587196673,-4.109141666037337
8,40,-0.7043545166273524,1.1685221566139288,-2.57431013930763
9,1,-1.3448974574877512,0.4779321619416207,-3.1449799691882623
9,2,-1.1284326612289668,0.9056295905548036,-3.1048596576880763
9,3,-0.7166217699412286,1.1166398680588212,-2.589759468064114
9,4,-1.1062004626227198,0.8782228659939794,-3.122940448809268
9,5,-1.5457097563304854,0.3115152351286737,-3.466755796109242
9,6,-1.4178248879618165,0.40458355177802813,-3.1440635751381847
9,7,0.7008967057282869,2.8392963424526916,-1.2703021790785263
9,8,0.7451795630678075,3.0133498407239006,-1.6198756802842356
9,9,0.4300759133976403,2.868777382595641,-1.8394332108913505
9,10,-0.9567220601216375,1.0048794757554498,-3.0257911676073035
9,11,-1.754731696373279,0.09577691418089465,-3.5730578176674452
9,12,0.28542141130727716,2.5061734309433312,-1.8176959874043148
9,13,-1.9106962113472183,-0.07956731009870648,-3.755199673185623
9,14,-2.145121134391426,-0.30064454408380054,-4.107362398502324
9,15,-1.0057697474103162,0.9900367706323074,-2.859275893959739
9,16,0.7750224315868323,3.253218322434484,-1.5772568961102333
9,17,-2.1616811593590843,-0.1780605116994688,-3.9867565299379217
9,18,-1.6999631758342861,0.17179406176460543,-3.4950056087441794
9,19,-1.8259548643839114,0.017487160267290705,-3.747943654738015
9,20,-0.5700555545064551,1.2545299214195713,-2.3535374820963177
9,21,-1.9058246720266807,-0.08841782116415665,-3.7510369096514213
9,22,-1.6650508385430796,0.16094371693013976,-3.5273900148632986
9,23,-1.7712062612930435,0.2281853184870198,-3.6163185830998064
9,24,-2.19253342067075,-0.34950916002996024,-4.048290763971205
9,25,-1.0743948214843375,0.8374512839598323,-2.886857053955815
9,26,-2.055435070797234,-0.26317324684109755,-3.8889779847285255
9,27,-0.35293591613630004,1.7216317936130159,-2.4654123412762528
9,28,1.7332598274996802,3.97542858913653,-0.3907053841707568
9,29,-1.8015032808469504,0.029428553206305358,-3.666462693695653
9,30,-1.980789626317938,-0.11934250900100654,-3.794751151132587
9,31,-0.8630325400358614,1.363781706496804,-3.011394080222025
9,32,-1.2435251992492375,0.6098435841939777,-3.1938944667132243
9,33,-2.1298127626971666,-0.30834888176122566,-4.030342856674941
9,34,-0.35668966497008253,2.2922291806229955,-2.738287870407499
9,35,-2.2138918451843637,-0.3584437951939149,-3.970735943380117
9,36,-1.9191473631102287,-0.07160097049353455,-3.786073282561668
9,37,-1.501389441712024,0.35423178704114366,-3.375945012901837
9,38,-2.0943633577026275,-0.1736327888503674,-3.965930597212107
9,39,-2.327297843537015,-0.5324338127175194,-4.223230233494007
9,40,-0.8319650594511536,1.1892533905060383,-2.7995481966554046
10,1,-1.5477027315745402,-0.7677617941033655,-2.257181777796767
10,2,-1.3523633109428583,-0.6422668541677583,-2.158028134792644
10,3,-1.1328645851475247,-0.4090172472349385,-1.837531502685301
10,4,-1.3839648759080037,-0.45754948721813654,-2.245910924443096
10,5,-1.8744727978066762,-1.146019595589523,-2.6081570143060198
10,6,-0.5843476026800847,0.2993887469213131,-1.8282621693139869
10,7,-0.5356658161410135,0.9916979210076357,-2.0000616918869776
10,8,-0.6085162803756872,0.41309004005777705,-1.739506482051724
10,9,-1.3344008489176398,-0.22542581069615897,-2.3943594663498455
10,10,-0.4936396626232897,0.29036792664920064,-1.2996462547494547
10,11,-1.686373977400506,-0.8899621524313241,-2.4663763404134533
10,12,0.7906827782504473,2.0841924613464453,-0.4685354713668742
10,13,-1.9472291612214616,-1.234247420895805,-2.6905137634609777
10,14,-2.2527501691846217,-1.5560720779478743,-3.043523182004499
10,15,-1.6541099217669557,-0.9545319822840949,-2.38789102277226
10,16,-0.07044195562824322,0.9754640895059183,-1.1191513703223281
10,17,-2.268579108080841,-1.5235531858220763,-3.0332079111239354
10,18,-1.4252674626725224,-0.6249902610153977,-2.200087177981394
10,19,-1.7422940313211897,-1.0548545241395215,-2.5171323178343505
10,20,-1.6449953234263637,-0.7403471874268398,-2.532050991905844
10,21,-2.0118521999297307,-1.2911256471945969,-2.76915336136249
10,22,-1.377459179920026,-0.6546882197578926,-2.073608164191627
10,23,-2.034005572192102,-1.251581482477603,-2.7139473798863145
10,24,-2.371299157816745,-1.6767591298852242,-3.1252884392151175
10,25,-0.889019286776713,-0.11297128399733203,-1.6873032072279552
10,26,-2.072791555145189,-1.3898631024268056,-2.7434294929998564
10,27,-0.7373258622522227,0.5464205599845383,-2.0211598770947585
10,28,-0.3155369790066721,0.7290225689945303,-1.3887883064240425
10,29,-1.9219494021021601,-1.228632049241214,-2.609802580280169
10,30,-1.9761009077072078,-1.2754656664128967,-2.6807208038041095
10,31,-1.3913624412509962,-0.680040631086043,-2.099753338816737
10,32,-0.9397154443857001,-0.07070337392440144,-1.8192503856058646
10,33,-2.2926790436647826,-1.5707086895400568,-3.011891876122734
10,34,-1.3743535337568709,-0.6396879073533948,-2.113443591197059
10,35,-2.4305924555726888,-1.7653313023177004,-3.147790303010542
10,36,-2.1193139088182678,-1.3640954736188455,-2.7796625556958205
10,37,-1.533857181959917,-0.8391223335384141,-2.351944568010473
10,38,-2.2268668480426017,-1.5026824798837852,-2.904026099774055
10,39,-2.5229789338046746,-1.8187257773253338,-3.188947691996051
10,40,-0.829282755560611,-0.027647340136046996,-1.675603155977102
11,1,-1.311024519706351,-1.0090786048979146,-1.599525086525949
11,2,-1.2825836808533033,-0.9578678819500133,-1.5802646925217083
11,3,-0.8292513513168067,-0.5211894233705253,-1.126572072488216
11,4,-1.283888330430197,-0.9870486483870293,-1.5883994891443733
11,5,-1.612788575906341,-1.3100764614981921,-1.9204792781565774
11,6,-1.0747712112067564,-0.7738789114883398,-1.3785269819755488
11,7,0.0600160503483181,0.6338359405352763,-0.5162256325212341
11,8,-0.5901023221290744,-0.2629480541105675,-0.9249664706462577
11,9,-1.104938290581368,-0.6165705304256568,-1.4843160069198125
11,10,-1.0388612961469903,-0.6452534763032804,-1.3844760511388732
11,11,-1.5846072329761989,-1.3136638674859125,-1.873848217835549
11,12,1.620435761186691,2.110233387892439,0.9939215845412264
11,13,-1.8919499966475148,-1.5750460487524556,-2.1614149010668697
11,14,-2.1548161865086763,-1.876702291515901,-2.423350023966808
11,15,-1.2865995140823787,-0.9942051704141704,-1.5962295225081362
11,16,0.17864380760589788,0.5331498970382959,-0.16125280118552995
11,17,-2.105876054283401,-1.807251158990786,-2.402438276494991
11,18,-1.241081647373091,-0.9420359018428197,-1.5168107367858534
11,19,-1.677252623552848,-1.3653773066652675,-1.9765944179101163
11,20,-0.9368924698499432,-0.6392544408289407,-1.2437955002788945
11,21,-1.8446647546533868,-1.5796598109541835,-2.128771535364694
11,22,-1.418583893743748,-1.1373113203310525,-1.6892251427951595
11,23,-1.8890161913281989,-1.6005187225032889,-2.157955684203759
11,24,-2.2471899399615873,-1.9729776106115904,-2.5331826544027294
11,25,-0.7729070828255333,-0.3804742759327424,-1.1216174556609242
11,26,-2.0648827818163213,-1.7849975322287401,-2.3281134109532355
11,27,-0.5716488805796902,-0.16642975717841457,-0.9825062554661722
11,28,-0.1163701908799041,0.26192102664514694,-0.5499049940198358
11,29,-1.8282729883867117,-1.5530718642978074,-2.1202400491649698
11,30,-1.8809900844353167,-1.6130266411379792,-2.15363164413923
11,31,-1.0462672186610038,-0.7277326465453917,-1.3838535948468367
11,32,-0.8052420885693894,-0.44355235068789534,-1.146599345740125
11,33,-2.186221876890108,-1.917304954988244,-2.4693782568123623
11,34,-1.222286641790273,-0.9189985690351691,-1.5224389246980925
11,35,-2.2725994061381938,-2.00101237936177,-2.5526795943285694
11,36,-1.9905296229070601,-1.7090245433680056,-2.269473565791235
11,37,-1.3682944372033763,-1.0925853906286556,-1.6604753456932155
11,38,-2.135093513067903,-1.8582279077543842,-2.424629122656541
11,39,-2.3670800805695533,-2.0896790931424363,-2.648288102556516
11,40,-0.8823021861908573,-0.5082381747541406,-1.2577368286925867
12,1,-1.3244291212573263,-0.8419641146823682,-1.7778529310324374
12,2,-1.5230433333509592,-1.0862357601263213,-1.9632054098641107
12,3,-1.0234437098933529,-0.5672911609898806,-1.4681894323238975
12,4,-1.1039239660483713,-0.6591147559713071,-1.583503923182707
12,5,-1.704914896334765,-1.2493869085470302,-2.1543431226988208
12,6,-1.3834699488454887,-0.9307484592783313,-1.8788747342835943
12,7,-0.9567635252287932,-0.4317231309077012,-1.429732352129898
12,8,-0.9005973082447403,-0.40232169307852994,-1.410569803704545
12,9,-1.5397703716815405,-1.0893738004562625,-1.9873780870512163
12,10,-1.0924549906472696,-0.5796258191422091,-1.5394020719017654
12,11,-1.1558959230050396,-0.7005323063235936,-1.603826082331652
12,12,-0.7665513518403222,-0.04837953652465868,-1.2508286676744804
12,13,-1.6695570839237859,-1.2285512393316784,-2.104363571153736
12,14,-2.1555134695251343,-1.7135157683060438,-2.607685456490568
12,15,-1.2792867533209429,-0.829059039799963,-1.7401028713230768
12,16,-0.029160023700601,0.4052482600191943,-0.45726778815782054
12,17,-2.1448944070589557,-1.6671644566327382,-2.5973662311474004
12,18,-1.1193027516679914,-0.6387476853122502,-1.6213217355725829
12,19,-1.686988735285605,-1.2080925630811663,-2.137327425318687
12,20,-0.6761161655234325,-0.14653572207393636,-1.2500019437572298
12,21,-1.7958613001411217,-1.3550360956256096,-2.252887478308998
12,22,-0.9236491226955807,-0.47159525766165183,-1.3566805953453136
12,23,-1.8726975105516859,-1.4434623045972221,-2.3532331726062568
12,24,-2.3199575921280076,-1.891064459215056,-2.7854604003426915
12,25,-0.6040718493880775,-0.09286986848843656,-1.1298185414695727
12,26,-2.078923783371307,-1.6189474230478893,-2.5069510131310695
12,27,-0.08209363820491763,0.5352202926374316,-0.6433573884509627
12,28,-1.1122797852617174,-0.687557330854126,-1.5772927214039845
12,29,-1.905195693025333,-1.4644531112437709,-2.3905336211179242
12,30,-1.867535770206222,-1.4258584378483803,-2.306623683010368
12,31,-0.9363478268334864,-0.37973520826720425,-1.469883325282972
12,32,-1.0535088410169333,-0.6179230120866895,-1.5458628528841114
12,33,-2.282944094714643,-1.8588496007922681,-2.709217957940718
12,34,-1.4416932814078907,-0.9468583797663295,-1.9385217549695497
12,35,-2.281571545773859,-1.855892391921288,-2.7237076944608813
12,36,-2.04662573599278,-1.6287555713469817,-2.490829155339634
12,37,-1.322028519596526,-0.8333720479215078,-1.7609046241708122
12,38,-2.2120866982948217,-1.7749574519024875,-2.646258265250466
12,39,-2.3997068259781664,-1.9619758492599175,-2.8152909971245905
12,40,-0.7029261687209805,-0.11474377217302292,-1.2688016098717845
13,1,-1.4891080102486474,-0.6350299660119961,-2.394231562795389
13,2,-1.5643448762765588,-0.5798564037646506,-2.5756022343398266
13,3,-1.0661063685142178,-0.26380646786429873,-1.909453551672755
13,4,-0.6481168640213191,0.331505982484309,-1.735340286971181
13,5,-1.8502911356358291,-0.9384119342106559,-2.670441369633199
13,6,-1.2001659852805906,-0.25907406429456303,-2.211730353610041
13,7,-0.662981810252834,0.34596717464249205,-1.736320643738495
13,8,-0.9914048601705225,-0.1954417587736168,-1.864839318027789
13,9,-1.62465517392627,-0.7426122430820175,-2.4341282807067186
13,10,-1.5367643603339074,-0.7459134061937213,-2.41202517315772
13,11,-1.5703170767769485,-0.7317066538201835,-2.4539725249648985
13,12,-0.9278723607635526,-0.046858335633762745,-1.8205152120430597
13,13,-1.585874227162333,-0.7959618633186892,-2.4606216248367194
13,14,-2.2505024748037856,-1.288023113161108,-3.1488764272449887
13,15,-1.4709332589624402,-0.6981790216327299,-2.4549413234880517
13,16,-0.030129091673259736,0.9316556563033028,-0.8444552424709522
13,17,-2.2039893240685915,-1.4225175274518138,-2.9459825455360487
13,18,-1.1635233663145867,-0.3317519408376011,-1.9853274096658062
13,19,-1.1792281104204223,-0.23951044430076732,-2.023185101560104
13,20,-1.460615572051189,-0.8120599291927091,-2.3059176128012604
13,21,-1.8107662121685513,-1.004130189485019,-2.6232291569314294
13,22,-1.2006563146020266,-0.5016150052826596,-1.9572836703340795
13,23,-1.9664211282802542,-1.1970986028912285,-2.8751941160133554
13,24,-2.301093328679883,-1.5284531697991481,-3.1354796852058553
13,25,-0.07905099974742476,0.952353975813159,-1.0435619592994416
13,26,-2.092761798411308,-1.2776484341572485,-3.1190930572608435
13,27,0.1530060392410666,1.0754413333389234,-0.9773683800221279
13,28,-1.416845790355286,-0.49602769891075316,-2.3811754868554176
13,29,-1.8722620437998052,-1.0015306862748443,-2.7109132801950016
13,30,-1.776748913390238,-0.8964077283314827,-2.5381375263290518
13,31,-1.0115704776607262,-0.2484318674726813,-1.8352910532818238
13,32,-0.6663011255378515,0.1463104940010554,-1.566213377401617
13,33,-2.2430447669850806,-1.3557380909341603,-3.0181494190104896
13,34,-1.2893270807655532,-0.4070494103749353,-2.0616569539655956
13,35,-2.3554728149552604,-1.5477947919103634,-3.285729131145886
13,36,-1.990837134345645,-1.1418178341909415,-2.792579425412988
13,37,-1.3421386795832644,-0.41147405843948825,-2.1273930976026985
13,38,-2.167993417262963,-1.3448136242708681,-2.967670988962974
13,39,-2.4186353617939096,-1.4985168230535606,-3.340392374156088
13,40,-1.0502740632974379,-0.18921921744691284,-1.9810059564459637
14,1,-1.4239649824276954,-1.0930343818211352,-1.7450849157107895
14,2,-1.3873738816632208,-1.0227907739574384,-1.7492963421894587
14,3,-1.094179423277506,-0.7549857213536423,-1.4561905167043536
14,4,-1.1722255653674054,-0.7668302092592504,-1.640775090180801
14,5,-1.7086013034481204,-1.3766868261977274,-2.0646101351237798
14,6,-0.9293090794693268,-0.4741277525166313,-1.2976107878355472
14,7,-0.9815207823354593,-0.6490256694702369,-1.3736488926830215
14,8,-0.706303194184306,-0.1726848528835373,-1.125526232552987
14,9,-1.481867732055513,-1.0069642696079346,-1.909494684660017
14,10,-1.1825922748684277,-0.8337815430075084,-1.5044929395149076
14,11,-1.0656039995247963,-0.6464973906958538,-1.4207865369590345
14,12,-0.7413938179765907,-0.3775138086519867,-1.1158602217660747
14,13,-1.4097783672488522,-1.0091066127884403,-1.7702370602231219
14,14,-2.0632267769344503,-1.725983522488173,-2.380430408861135
14,15,-1.3711652919371544,-1.0389082375207048,-1.706174291566219
14,16,0.2696595946504692,0.6887299650532875,-0.08234973548813913
14,17,-2.1678968636739016,-1.8063440569332656,-2.507806197360039
14,18,-0.8134862661286342,-0.4248675119159764,-1.2008542293897664
14,19,-1.3558523500440138,-0.9409014221119918,-1.7491507174584466
14,20,-0.8644268576398534,-0.4288109967434754,-1.2279414923448944
14,21,-1.6156268774528124,-1.2045122292263437,-1.9554111183786314
14,22,-0.19606017052711006,0.4942170508683456,-0.7055789200123169
14,23,-1.7137793302558721,-1.3435584423337976,-2.064916016054647
14,24,-2.4174754675839685,-2.095897088634226,-2.7774140350536336
14,25,-0.0139409322513315,0.5437358663728662,-0.5591235968724444
14,26,-2.0020179627733925,-1.6711322987313983,-2.3454355677037517
14,27,0.38914118542548937,0.8614382419862927,-0.04894130076106108
14,28,-1.3729486536626396,-1.033363526830838,-1.7397622617273025
14,29,-1.785437431869841,-1.4250152523863289,-2.1545971828149746
14,30,-1.6343563076750278,-1.2662440082848647,-1.9873397442141654
14,31,-1.2012610560732004,-0.8186321991837023,-1.5661785619583677
14,32,-0.4972850325584255,-0.1039099982590262,-0.8976437989719527
14,33,-2.334722458477863,-1.9716630096139276,-2.701273558401142
14,34,-1.356753058365571,-1.026883224236623,-1.7146481348037146
14,35,-2.3161820230988983,-1.9841643482340618,-2.6532202600748356
14,36,-2.0085638126431467,-1.6612415789599444,-2.3451282023283837
14,37,-0.8954939484424429,-0.37403008987352154,-1.2887536885384856
14,38,-2.185311598395847,-1.8248842190564731,-2.525520584115141
14,39,-2.4461854022407983,-2.0988148377517626,-2.7807250559647105
14,40,-0.7833120500679882,-0.2960378352715772,-1.281609534160736
15,1,0.6342352391612183,1.3376351619254292,-0.32065620082611745
15,2,-1.4817189131777393,-0.3767896254385224,-2.814890259519491
15,3,0.529135640248055,1.4215930811812998,-0.9445220106450616
15,4,-1.3991654304645036,-0.14229208571074292,-2.965245542247825
15,5,-0.7887140634733052,0.3084246018078687,-1.9628883716179386
15,6,-0.988801588107769,0.13675834583542035,-2.555682192237741
15,7,2.307122824070042,3.1307157249896296,1.5498745349484013
15,8,-1.0059643676707517,0.12377529252058983,-2.6806942227677943
15,9,-0.33853746779926575,0.6950904636184725,-1.725613976035515
15,10,-1.3403031136683166,-0.4106301504233918,-3.451269164671078
15,11,-1.615080020344915,-0.41731414713820947,-3.2480575509890772
15,12,-0.6124131578623938,0.6177104657190604,-2.1764564829360697
15,13,-1.8430948287029216,-0.5866897538474574,-3.297836676763587
15,14,-1.8455463517079207,-0.9483747858113405,-3.154910331172217
15,15,1.494691677621098,2.187825295629941,0.7354787672153807
15,16,0.6702433587565421,1.6653345714737475,-0.6322612791739189
15,17,-1.2203125623504754,-0.3320787008818051,-2.5967501128206054
15,18,-0.5896844831172017,0.4885652186168033,-2.2023083621352377
15,19,-1.692066996474348,-0.4660448661330924,-3.314149464776418
15,20,-0.7346568453062549,0.24867978216264153,-2.0489709775470395
15,21,-1.8853913118108134,-0.8921465808528799,-3.415318478739212
15,22,-1.3920896094042323,0.04045709612535794,-3.1489647778775405
15,23,-1.7770020154089203,-0.6370964249987082,-3.112140930449044
15,24,-1.3030654839448659,-0.2151807658128989,-2.6932079342036483
15,25,-0.8450900154928405,0.38813228153512525,-2.4749679216511495
15,26,-1.727429554685361,-0.8637260896357356,-3.6361378399169975
15,27,-1.2419835757839164,0.004068561280923523,-2.882932693856709
15,28,-1.1020010798070703,-0.018664397986624844,-3.13647532327266
15,29,-1.5194578747076921,-0.46331625209159644,-2.889076444317103
15,30,-1.7089208516417256,-0.5674218848607256,-3.048651422577688
15,31,-1.242642512360787,0.3720354915770785,-3.185340948708502
15,32,-0.5904058255538227,0.9128172101995963,-2.417583869752461
15,33,-1.5991549383976549,-0.4927052026730445,-2.9612645256741223
15,34,2.2276788709087705,2.9115653510449695,1.5199474431711935
15,35,-1.7412745907680436,-0.6051846362488962,-3.141770408295159
15,36,-1.9754973169845846,-0.7231624614614044,-3.6370332595073265
15,37,-1.151891725501256,0.13894085866264877,-2.6438928957229755
15,38,-1.7109028477879884,-0.5634364122545213,-4.0140390112699285
15,39,-1.9721572707851744,-0.8690352586835804,-3.6898571076189284
15,40,-1.516933400838087,0.25331915582308207,-3.440694345484601
16,1,-1.320338798171441,-0.956669468319782,-1.6925248509711792
16,2,-1.4382293792668328,-1.0692830814644014,-1.818261075301927
16,3,-0.9429610253237185,-0.603580127458415,-1.3023996126820472
16,4,-0.8916479007281686,-0.45160932771411205,-1.3070702022314211
16,5,-1.6078294911403619,-1.242855182746681,-1.9753867134921104
16,6,-0.9389820660183701,-0.5351246486848569,-1.3227061195647791
16,7,-0.7970693862418976,-0.37066915640968295,-1.1841885774132552
16,8,-0.6680495851715309,-0.2660097821600963,-1.0587815164435743
16,9,-1.4709072773189775,-1.076524291174961,-1.8713349493771423
16,10,-0.9878942314607551,-0.614923424467309,-1.3574997416976518
16,11,-1.061894521478512,-0.6966451913637989,-1.4379523428883338
16,12,1.098761464540527,1.5695419605963281,0.6388538231356726
16,13,-1.4586143829220601,-1.1194588733475732,-1.8074262757776196
16,14,-1.9324378490892369,-1.5831648255327588,-2.317204916311328
16,15,-1.3518501579816062,-0.9666355233690054,-1.6847531166270522
16,16,0.5758593352560152,1.0698101531978619,0.15341944251875747
16,17,-1.9178986600588859,-1.5698311074584972,-2.254131422366998
16,18,-0.8230857690193507,-0.38258958312235797,-1.2175385326753803
16,19,-1.4970989225222486,-1.1189074080310217,-1.8936128827732028
16,20,-1.003592157113904,-0.6356775094778119,-1.336752467214795
16,21,-1.675655162466524,-1.2889359174948,-2.0396481777785858
16,22,1.4676608458127363,1.9562315948530518,1.018250537935435
16,23,-1.6057066540789913,-1.2407678825093542,-1.9585912891912203
16,24,-2.269540998722345,-1.9254913744803845,-2.616287476205242
16,25,-0.5156034091377413,-0.07667799023091965,-0.9167202817735349
16,26,-1.9416299759983406,-1.585594124511509,-2.2872534571611
16,27,-0.6264424221268032,-0.22524982778274397,-1.0620867795471833
16,28,-1.4680941833453147,-1.109621641311557,-1.8185330628325935
16,29,-1.625001840324225,-1.284290345916071,-2.008497851593629
16,30,-1.495908927028712,-1.0818721187277252,-1.8272267802459767
16,31,-0.7612481304186689,-0.2427900413688,-1.308309446451558
16,32,-0.19851042034686472,0.41356205917412064,-0.7220983402643042
16,33,-2.2833300513685795,-1.9375137152169477,-2.6736804340364198
16,34,-1.2322926005923234,-0.8534069709627148,-1.6083599676809417
16,35,-2.244577320305135,-1.9169398272740614,-2.6051899724466536
16,36,-2.0223175744917805,-1.667618829526549,-2.3932582196475245
16,37,-1.158244788784016,-0.6772549920780573,-1.6234824441794726
16,38,-2.1376731481685622,-1.767031576367462,-2.5173192256753056
16,39,-2.334880537772122,-2.0022243246643603,-2.6864240228461393
16,40,-0.7638854717909522,-0.20761353323258167,-1.3621975554442805
17,1,-1.4039206026499451,-0.666810633079972,-2.0824237174390223
17,2,-1.625319756782518,-1.001253254740885,-2.3528078613721806
17,3,-1.0288125879927437,-0.42928671675513985,-1.7609912756343729
17,4,-0.26175955115072197,0.7873253706342658,-1.2844752099273544
17,5,-1.8107606322784613,-1.1775253296073898,-2.543168651887562
17,6,-1.2249646484404384,1.0766263652109067,-3.4527783125575446
17,7,-0.7109298848032704,0.2309885513905651,-1.8026619135822546
17,8,-0.8583466976804708,-0.0882350960863356,-1.6571812252654698
17,9,-1.7007940001863586,-1.0397706590057705,-2.397969923601407
17,10,-1.0221781883449146,-0.324486988345329,-1.9257285336150622
17,11,-1.694738617347967,-1.0235442444816667,-2.397709771357777
17,12,0.4856767517312169,1.4454669377084353,-0.45284413964215164
17,13,-1.839038543397361,-1.1704027505077528,-2.6361181640141376
17,14,-2.246258477910818,-1.5440736825398738,-2.837245377340778
17,15,-1.5619783127887512,-0.8687189720443909,-2.369160519085406
17,16,-0.38653278534423235,0.4606290600828083,-1.3496773951351997
17,17,-1.9524305313786492,-1.284211563267342,-2.7122566786621993
17,18,-1.380725231841698,-0.570912829880631,-2.2511369289823335
17,19,-1.8410451637865424,-1.238658764573337,-2.6774310747604497
17,20,-1.4822137785409013,-0.916935327744913,-2.312099197303917
17,21,-1.6845133400905,-1.0397722944900247,-2.45079895029019
17,22,0.6771383074420295,1.592352534379572,-0.22155042659735158
17,23,-1.8929347785867643,-1.2146354056856876,-2.6258783412343223
17,24,-2.260821464390642,-1.5930525575403283,-2.9343498182658725
17,25,-1.4447086931420448,-0.7907496481118728,-2.1311761771188165
17,26,-2.128258303595149,-1.471995925738593,-2.8580897739802866
17,27,-0.2855150275264059,0.8070425681088828,-1.4167549084057587
17,28,-1.8063864861211423,-1.1864987325137366,-2.513650133782286
17,29,-1.7957203076000996,-1.2091285409584842,-2.5039358742489606
17,30,-1.8805664563067446,-1.1815720688477092,-2.5371964939701406
17,31,-1.35553911417536,-0.692691097559544,-2.1205525934945957
17,32,-1.0549550518247233,-0.3093733353183197,-1.8502063322442002
17,33,-2.11196232819288,-1.5486036481236882,-2.8895254838240216
17,34,-1.480491014340186,-0.7050646797400494,-2.34437008843869
17,35,-2.3821911033771763,-1.7787266627679605,-3.0443002338309317
17,36,-2.200330698932638,-1.5304118790183112,-2.872178692848451
17,37,-1.4468883070059864,-0.2650684217459685,-2.6646390176992485
17,38,-2.205774426999514,-1.54884414043105,-3.0011303542869565
17,39,-2.288176920940454,-1.690675195546118,-2.9866552002520312
17,40,-1.331575372332805,-0.3843527990941174,-2.3137671436881573
18,1,-1.3392607895934163,-1.0666999536263677,-1.6050034556270476
18,2,-1.4278684260795704,-1.147645799491498,-1.7072905421024982
18,3,-1.0477290683995417,-0.7784094272680335,-1.3124204118375542
18,4,-0.8995585724205098,-0.5767117396788333,-1.2245294942169769
18,5,-1.550473559202313,-1.2832598025097586,-1.8044541142971227
18,6,-1.1139308109410018,-0.6242122799437598,-1.5503006040841991
18,7,-0.7673161363714012,-0.36407922042581325,-1.108901382677124
18,8,-1.2241581084065534,-0.9107590044777113,-1.5402985071814324
18,9,-1.6919969908699488,-1.406309126375506,-1.9649959234404597
18,10,-0.8184099735344774,-0.5557232283773376,-1.1141452893898054
18,11,-1.39490975514431,-1.1010760061968834,-1.68879623446851
18,12,0.5944513493215773,1.0165226467000394,0.06482274397742442
18,13,-1.586341026155319,-1.285374547228085,-1.884264868265235
18,14,-2.0576221017748284,-1.7784600107749766,-2.3323207653237454
18,15,-1.4000968224214745,-1.138856304399889,-1.668648380089566
18,16,0.06887263788321926,0.3827836970632688,-0.2688375401029661
18,17,-1.9311213509604692,-1.6554285020276913,-2.2399860200261914
18,18,-1.0555111993650153,-0.6143154508832275,-1.4284528430996066
18,19,-1.669910555262649,-1.3927945926776335,-1.944994301834709
18,20,-1.35758609164566,-1.0846115449163503,-1.6543497862077494
18,21,-1.6957878415669865,-1.3828880247816948,-1.9920558522580565
18,22,1.5202797659835339,1.8708225730384511,1.1611556129658775
18,23,-1.618793944734904,-1.3486601994638734,-1.8857623655814313
18,24,-2.267990154823236,-1.9978295239881971,-2.5552316641136645
18,25,-1.1669554493339094,-0.8603987352130277,-1.4402668537720482
18,26,-1.902209924205355,-1.6235453460187854,-2.1616734397250545
18,27,-0.8921246080823599,-0.5242724714687594,-1.2498031739308697
18,28,-1.616769677929641,-1.343224253034279,-1.8822408747788677
18,29,-1.672232064538318,-1.411245021372658,-1.9524095860938018
18,30,-1.7412829213933982,-1.4676068537781972,-2.0164532753088165
18,31,-0.9070006954932096,-0.6110622556341075,-1.1976534133738552
18,32,-0.6961420090103849,-0.38209306153389183,-1.0293797006064436
18,33,-2.2324849538101788,-1.9753393346512478,-2.5033860684968063
18,34,-1.2062688948578928,-0.9229790971073513,-1.5159435415171874
18,35,-2.268357104262188,-2.018189101679663,-2.5199917349242718
18,36,-2.056013322822537,-1.7866018159790187,-2.344382623358504
18,37,-1.0952530974113137,-0.7738759336292133,-1.4327527454226816
18,38,-2.155595446855923,-1.8932904147080913,-2.412102804752206
18,39,-2.344845986456067,-2.085141419150326,-2.6253135199203683
18,40,-0.5613694967485108,-0.17245573255654054,-0.9810522572051141
19,1,-0.07018117012756349,16.23392676932256,-16.399852472837967
19,2,-0.36113490197347287,16.040682972517466,-17.23234698008011
19,3,-0.0063982790580144645,16.02475868192428,-16.171312687100684
19,4,0.3015563741763274,16.61360424672058,-16.29846251130542
19,5,0.40140484213871286,16.261621857210315,-16.551211316092232
19,6,0.14370326311493592,16.674790953020715,-15.969117454410224
19,7,-0.5419385044655955,16.02667134148781,-16.56563156666492
19,8,0.43145442805683376,16.862894671126888,-16.07295404071927
19,9,-0.03867264847709202,16.603818905943907,-16.32945360201709
19,10,-0.06387311824983719,16.718533419394934,-16.674106998316695
19,11,0.15433384245028808,16.098851417587248,-16.47384386442509
19,12,-0.04932186642838315,17.42315779193854,-16.697008473664688
19,13,-0.02837712937687258,16.431141080129763,-16.1959937504562
19,14,0.20664027790865425,16.695436860552967,-16.01279891407271
19,15,-0.4165923209405741,15.809824867857387,-16.55536877507188
19,16,0.1355012789603556,16.713782283966932,-16.11403455855391
19,17,0.1871459550734194,16.238474810790155,-16.509047072862
19,18,-0.2848720791295621,17.060559365527222,-16.54379673549751
19,19,0.33086962780509316,16.79936338442064,-16.350886741485514
19,20,-0.4317113865634756,15.055243180439307,-15.745804914326952
19,21,0.046933410227447736,16.248507129607642,-16.68843972379102
19,22,0.21844592798561782,16.312178370850088,-16.01087154924615
19,23,0.24057753734471565,16.46777995380219,-17.121556422333306
19,24,-0.5865347957662468,16.560967480407683,-16.86635881351755
19,25,-0.3720480906250113,16.256849981689026,-17.098935506784716
19,26,-0.14562685514971996,16.689746002020712,-16.469876712440012
19,27,-0.07375971700155899,16.746666873522305,-16.631729401970475
19,28,-0.16351695879928385,16.921544975422528,-16.348164375132516
19,29,0.2591331113169141,16.522858397785015,-16.882755950448917
19,30,-0.5212725954208701,16.490111209589152,-16.577514463409123
19,31,-0.12987891877682484,16.70095639309335,-16.227120772377013
19,32,0.026892273577186848,16.401818700724196,-16.6480838084104
19,33,0.1492528321117155,15.924208717636576,-16.978021690040038
19,34,-0.3274630304660987,16.031088799854263,-16.439241892284684
19,35,-0.12201630997822371,16.68468841555718,-17.034229038834805
19,36,0.5123291375656633,15.65350198176526,-16.58995138174917
19,37,0.17984097494975718,16.783271964294897,-17.00466753190745
19,38,0.04707203303729664,16.88639211208405,-16.460420926393827
19,39,-0.0455989667862362,16.37607276185795,-15.555941173705067
19,40,0.40194840019189504,15.484322933212022,-16.26445467336365
20,1,-1.373346834066538,-1.0948933888965249,-1.6354543814346578
20,2,-1.200074246578286,-0.9121703454773278,-1.4966796293237428
20,3,-1.0396533539323674,-0.78629528161362,-1.2891399691403183
20,4,-1.096142992461374,-0.7570884969971803,-1.426869396784025
20,5,-1.5442482099346435,-1.2769082489508272,-1.805822177860442
20,6,-0.7657096837476295,-0.4158768294867329,-1.1088833490466854
20,7,-0.6121569058775521,-0.2805415806504377,-0.9414806968267053
20,8,-0.6962484451497287,-0.40723937033850116,-0.9861644979638634
20,9,-1.5031026247456798,-1.2295003266262334,-1.8164953512947564
20,10,-0.7205523188033118,-0.41768237448988305,-1.0163190145430288
20,11,-0.862629755486497,-0.5782747025926286,-1.1518635128089139
20,12,-0.5173343931590118,0.16321940324554013,-0.9809418010458122
20,13,-1.316570432259398,-1.0212677799743826,-1.6216748320148309
20,14,-1.9390461439278095,-1.6551069820985715,-2.2339895360642927
20,15,-1.3335183678698033,-1.0436038675491563,-1.6004121398236573
20,16,0.16580884988790234,0.44426893536343376,-0.11696536060727562
20,17,-1.8859825705219802,-1.6149394667921937,-2.16414889569237
20,18,-0.38428509631288976,0.06904053926790893,-0.9675882805467965
20,19,-1.6895224839232488,-1.4004577172864483,-1.9578197542982623
20,20,-0.8506776505037841,-0.5458384760022352,-1.151766042139962
20,21,-1.2414445192361292,-0.9228428808000141,-1.5436574630268012
20,22,1.8335482154489255,2.193634442374527,1.471907396130372
20,23,-1.427344459904301,-1.1585625126739867,-1.697834553828711
20,24,-2.3005588774880286,-2.0150642349693175,-2.5714961285317615
20,25,-1.0642349045330035,-0.7354228438984822,-1.4079577147919273
20,26,-1.8722981167238075,-1.5955546103006437,-2.1307073515731716
20,27,-0.8122292211174236,-0.48613372386664283,-1.140870669024465
20,28,-1.5181865465198803,-1.2300916608844708,-1.7988716387953871
20,29,-1.5026224580231475,-1.2230123914033457,-1.7816524831527
20,30,-1.5925011583387594,-1.315919040487357,-1.8731574733205005
20,31,-0.8843253224994908,-0.556483329485893,-1.1935273158634943
20,32,-0.433891049223064,-0.001614591859806042,-0.8739775392697561
20,33,-2.2005468919073428,-1.927025521258315,-2.4816359968165083
20,34,-1.2045739204969026,-0.9178530665116145,-1.511053512628058
20,35,-2.253604201547381,-1.9588571129328598,-2.5191628763431986
20,36,-1.9104830571410232,-1.6396877840049207,-2.192980592678764
20,37,-0.7433782930744404,-0.44766131243801455,-1.0381237929215048
20,38,-2.0686809807165427,-1.7985872376812226,-2.34805184707358
20,39,-2.3696053036877887,-2.095878520105556,-2.645563091265159
20,40,-0.9041944880671726,-0.35269745478364894,-1.2923525259165254
21,1,-1.436396432386155,-1.269800640062314,-1.6047626938210822
21,2,-1.332487567046973,-1.1609839460542828,-1.5085831269001335
21,3,-1.0796222629098327,-0.9089197261137099,-1.2387342311145164
21,4,-0.3433029951836968,-0.08551950954062244,-0.6109621998001789
21,5,-1.5386453142950094,-1.3737901534228636,-1.7040590588622895
21,6,-0.8455862733948138,-0.6570664966402708,-1.0468839742136995
21,7,-0.614655928749588,-0.4371748468910905,-0.7947343314204511
21,8,-0.8276857370234783,-0.6281163149871154,-1.0246068708754357
21,9,-1.4277224993993332,-1.2543608791770566,-1.6113917452277866
21,10,-0.9419540486136416,-0.7605040658909867,-1.113495265679096
21,11,-0.6497137509349553,-0.45187873073769164,-0.8506050543312743
21,12,-1.3300147425214055,-1.151018568897164,-1.5041179116782246
21,13,-0.03141032995972772,0.20809460499394133,-0.32806696483837494
21,14,-1.8679701072709478,-1.6941918234210585,-2.043313977405905
21,15,-1.3390288045982852,-1.1695538809154529,-1.5077844661180215
21,16,0.06379721838979557,0.2336660825777816,-0.10362155111436777
21,17,-1.7910219283470719,-1.6098456567217834,-1.9579893625572418
21,18,-0.9894374559539674,-0.780240302135279,-1.1970813001136358
21,19,-1.5948124326556246,-1.4049667911168422,-1.7899133697739682
21,20,-0.896700091701482,-0.7199367188547742,-1.0784198455329488
21,21,-0.9281137570617191,-0.7079003055655033,-1.148779191823566
21,22,0.19648812596210374,0.49360002866742136,-0.31819525080610334
21,23,0.2842517105419713,0.5449545611149628,0.020038589734056773
21,24,-2.1938695773875114,-2.0191575509095503,-2.3615920178247665
21,25,-1.1866141400591146,-1.004952793839673,-1.3584962661916913
21,26,-1.5191518583687107,-1.335410799020274,-1.700345218673711
21,27,-1.0778271783674334,-0.8840357228796701,-1.2686362544516405
21,28,-1.5571216530210545,-1.3847264002582442,-1.7282557634464983
21,29,-1.1923729744331466,-1.0174523617648716,-1.371249425369811
21,30,-1.5102464203534538,-1.340899531560199,-1.6734316050536442
21,31,-1.0227036952337243,-0.8343802929942298,-1.1965890765938703
21,32,-0.8139174670142723,-0.6232480025781731,-0.9998348093401194
21,33,-1.9449435019904815,-1.7767169046357691,-2.1151740254165627
21,34,-0.95989153594805,-0.7862410003065625,-1.141755022902209
21,35,-2.0279679191337197,-1.8559560411236626,-2.2060759335723072
21,36,-1.76966118124302,-1.5911607844483857,-1.9422514897426888
21,37,-0.32772375082628363,-0.11800330511486805,-0.5326020520145119
21,38,-1.8759134078630022,-1.7048862458051428,-2.0438248089573205
21,39,-2.2305643197247744,-2.047670428722179,-2.393382104664975
21,40,-0.8567562297585902,-0.6360203916883174,-1.075689926478666
22,1,-1.4377938312506102,-1.1083561192443094,-1.728939746754994
22,2,-1.4289699299410648,-1.1054022949777467,-1.7560577568880862
22,3,-1.0537014783822891,-0.777562534154972,-1.3459604271432795
22,4,-0.628697563124034,-0.10291026931278997,-1.1364138579034653
22,5,-1.4215410990837758,-1.1160559779086412,-1.7165060488702142
22,6,-0.763900950717511,-0.4136307561042504,-1.1154060205502256
22,7,-0.6245041212144216,-0.2621426526250286,-1.0008430587942483
22,8,-1.0399133762002182,-0.6546551384839353,-1.4113133391853943
22,9,-1.3682670066867342,-1.056686093782324,-1.6762589651637587
22,10,-1.1635347705971868,-0.8401706454614619,-1.4781856254260248
22,11,-0.33774472464562955,0.08897936146377247,-0.7444261495566413
22,12,-1.1331916389002292,-0.7917595150855508,-1.4751631760801611
22,13,0.30168575904740436,0.6553682864079711,-0.05214266121444097
22,14,-1.4993238857567985,-1.1465552249430235,-1.8281686366816505
22,15,-1.3082843809045555,-0.9822058972476886,-1.6309953686631864
22,16,0.44029909399692524,0.7294909431253668,0.14196515987960248
22,17,-1.51364085947109,-1.204570475683522,-1.8565947798086417
22,18,-0.43381725835842067,-0.04144785637091275,-0.860695745368335
22,19,-1.6542765796835888,-1.3283153831082828,-1.993757564129487
22,20,-0.6235595233880487,-0.2829054514944687,-0.9525782240625621
22,21,-0.06609590050264494,0.44799754549530796,-0.5560200153542231
22,22,-0.9298858581804169,-0.4555186227030822,-1.3671390640093048
22,23,1.2049289544589663,1.5417387929213175,0.820060717213118
22,24,-2.048402318148314,-1.7167826091209395,-2.3627182182344764
22,25,-0.935602483496528,-0.6185605804209657,-1.2791027316626151
22,26,-1.445370329749833,-1.0315518933132464,-1.8414070986398108
22,27,-0.8813307467936631,-0.5527705054567159,-1.1888623043350783
22,28,-1.719076543911898,-1.401755101024732,-2.0421348127090027
22,29,-0.8729888682673846,-0.5028909481347494,-1.26148462762582
22,30,-1.1855396249138992,-0.8619961018431452,-1.534764704185128
22,31,-1.3145098218978741,-1.0000022467479763,-1.6398632120249337
22,32,-0.5444026708606191,-0.18479088467530316,-0.9029282825149543
22,33,-1.762655814014849,-1.4267831908402924,-2.0774964366951005
22,34,-1.042897810438837,-0.6804848723260011,-1.3890384668042248
22,35,-1.9530679432250984,-1.6172601760523366,-2.2922634627837346
22,36,-1.6059682481948645,-1.2660091491001593,-1.9383602000132025
22,37,-0.27326125970318504,0.19952351361751872,-0.7289083217210562
22,38,-1.6891095725767302,-1.3778729145655448,-1.998903982690412
22,39,-2.0865915048603108,-1.768456378220568,-2.4262375553817255
22,40,-1.060052023868285,-0.5322602345327495,-1.5443242310518575
23,1,-1.2997672085596013,-1.0580845547304998,-1.5547748485208333
23,2,-1.3141260554090488,-1.058591279335747,-1.6145548344754428
23,3,-0.9952690595011656,-0.7209959033013298,-1.2719151054293696
23,4,-0.9264434573993849,-0.6096939863961014,-1.1937351320719352
23,5,-1.2764899160464798,-1.0288487531710904,-1.5275694254646344
23,6,-0.8339172077930725,-0.5805751167645933,-1.0913382507216909
23,7,-0.5441302181396555,-0.2825632733720397,-0.799517525045088
23,8,-0.8870857937102723,-0.6051416105894317,-1.1510117683795278
23,9,-1.3087481650838355,-1.0671472143841407,-1.5635226607801018
23,10,-0.7130449781528769,-0.4682621663817244,-0.9571375929615347
23,11,-0.4826677064725955,-0.17846795360701936,-0.7703736157208251
23,12,-1.0327885875400844,-0.7585293917921081,-1.3021095527902904
23,13,0.04736967469260735,0.3278600357207844,-0.2432992433187407
23,14,-1.2107449866432702,-0.9451259500239063,-1.4756093715658503
23,15,-1.1872343662203848,-0.9020052982845315,-1.4458515945077364
23,16,0.4788094051769092,0.7181808036389002,0.2336737126564756
23,17,-1.3919557686713866,-1.1277085137820633,-1.6462455329321841
23,18,-0.8359207249027246,-0.484797273578068,-1.1688373452457512
23,19,-1.6879946946097806,-1.4356999092902945,-1.9435321809736774
23,20,-0.5756217814018276,-0.29623560491460466,-0.8568992023346559
23,21,-0.22651004634857677,0.13432542880461418,-0.5478369848867943
23,22,-1.2480191123616327,-0.9592957157636991,-1.5324350341810264
23,23,1.7025698781967673,1.967778285948857,1.3934798235312833
23,24,-1.9635987632343175,-1.7020546599249402,-2.218618359983298
23,25,-1.1241678888286404,-0.8720923557615665,-1.3770746719259968
23,26,-1.3167688757042555,-1.023925395927781,-1.6263941013620336
23,27,-1.040031361573404,-0.7779267825903519,-1.286364073422216
23,28,-1.6768030060310026,-1.4215025502208913,-1.9289687307981769
23,29,-0.20943454221327584,0.07978663767618835,-0.4816513137023238
23,30,-1.0023150466573667,-0.7389962461855781,-1.2855126544059803
23,31,-1.1299784745207955,-0.8495375879014059,-1.418865545325647
23,32,-0.5633684915444541,-0.300024551211994,-0.8402515016992849
23,33,-1.6008684971192286,-1.345934089024381,-1.8587865528188663
23,34,-0.7773947806164652,-0.49987085181685925,-1.0971254835151252
23,35,-1.7272908941346734,-1.4791002758816498,-2.0044446183216724
23,36,-1.1984021544087167,-0.9060811126466501,-1.495305753277982
23,37,-0.20688597427720218,0.10668169644180231,-0.5491346683142402
23,38,-1.3880401459293006,-1.0829722709973255,-1.695499975067383
23,39,-2.0138074281256877,-1.7690218137856268,-2.2719176633326037
23,40,-1.1344376312576132,-0.7954944932172636,-1.450025868432756
24,1,-1.2913029316178473,-0.9789995925356356,-1.604701164379742
24,2,-1.3697592168091717,-1.0600727159409125,-1.665305652419745
24,3,-0.954407627651761,-0.6686451501024375,-1.2566122064662826
24,4,-0.9519868667360236,-0.622383236593039,-1.274179891485586
24,5,-1.3635065752393043,-1.0489359670967675,-1.6570225790377326
24,6,-0.7279676455173829,-0.41606517512672875,-1.0390111716119776
24,7,-0.27245948378579166,0.02399937837744927,-0.5835514040053046
24,8,-0.7965299371863426,-0.49734473959398484,-1.1080861117560106
24,9,-1.2376347841822652,-0.9437701294017641,-1.5597067096982933
24,10,-0.8547956875197509,-0.5701984968585159,-1.1429422912139864
24,11,-0.4883954400376828,-0.13878772764968006,-0.8236117482660068
24,12,-1.4143093691680066,-1.095433374389665,-1.7148981159499461
24,13,0.1015552105078769,0.4385625275964328,-0.23963031549321578
24,14,-0.893453646880771,-0.5798847741865019,-1.2183793376924887
24,15,-1.2231909436353854,-0.9377316317320125,-1.5208392456538826
24,16,0.648679771494511,0.9323838573128761,0.367338945125399
24,17,-1.4891953597211625,-1.182792451674677,-1.793957494734677
24,18,-1.1651586541868006,-0.7829448570788541,-1.4775940688563178
24,19,-1.6057594387734748,-1.30175897803244,-1.9327462911286297
24,20,-0.9016376518925289,-0.5819526140584166,-1.2208280118843913
24,21,-0.1563869498934546,0.19662637896777987,-0.49631093471225596
24,22,-1.3646351604536866,-1.0354086870072536,-1.6705054930208516
24,23,1.5056479088782924,1.7822489802773083,1.217064904997795
24,24,-2.058040525754693,-1.7584298508873744,-2.347888609132424
24,25,-1.1382257880005857,-0.8202503291030555,-1.4366878395947071
24,26,-1.1174720149725377,-0.8012333346680591,-1.4405912458068608
24,27,-1.2744870106815407,-0.9431376520319414,-1.5775345725589305
24,28,-1.804932908722792,-1.485617078916873,-2.105101025784164
24,29,0.01499701826440867,0.3093048575481543,-0.28973231903014496
24,30,-0.9308250851442328,-0.6302171423962081,-1.21705359516201
24,31,-0.979972669637273,-0.6609194431624611,-1.3391318053566426
24,32,-0.5926710420362905,-0.28846304524742755,-0.9160723829456684
24,33,-1.4382248985018937,-1.1410282555445994,-1.7469024040145078
24,34,-0.6462257480219409,-0.33863179761421824,-1.0020520757059357
24,35,-1.7933968610022903,-1.4980888630322522,-2.083878497642046
24,36,0.0639459961300704,0.39174192385509,-0.3342433883747761
24,37,-0.17357661041009131,0.14803130792938432,-0.5096358757326238
24,38,-0.2634485710141171,0.4205273127341638,-1.027831068797073
24,39,-2.0364784429035336,-1.738916061671805,-2.3507906011674984
24,40,-1.0504046624346335,-0.7011154446003416,-1.4007430293357084
25,1,-1.2488852590030382,-0.8898877222657479,-1.6015571306037009
25,2,-1.0109620630870388,-0.6506065401449123,-1.3454462028954937
25,3,-0.9537938968671937,-0.6064691038977602,-1.2973025268997673
25,4,-0.9348734767820757,-0.5188138735883976,-1.391777679220483
25,5,-1.2199761814579544,-0.8260151118487942,-1.6594953312042757
25,6,-0.9138183389585196,-0.46975427637286604,-1.345918067706686
25,7,0.10565112596467947,0.6076366894619628,-0.41159076003441025
25,8,-0.9212592938190306,-0.5532137676333504,-1.2707398672907535
25,9,-0.9884013990288131,-0.5633408393508761,-1.3693963183611604
25,10,-0.8315519011488542,-0.4353453067795524,-1.2071679720590804
25,11,-1.2442283973437918,-0.8993774748951023,-1.6437114449631782
25,12,-1.6004533122162785,-1.241136969559509,-1.9696588976754172
25,13,-0.7068536217051485,-0.27077702500042655,-1.224007706719123
25,14,-1.0917495063245524,-0.6150801604885685,-1.569933656020897
25,15,-1.351906320336985,-0.9774350809777315,-1.6970152506461968
25,16,0.4350241458708707,0.80890010891891,0.10980033291298764
25,17,-1.5998090978602655,-1.2585329947032284,-1.9408968212767357
25,18,-1.5477528280833326,-1.211197368775432,-1.9116609923352434
25,19,-1.7158084108699296,-1.3801504990241245,-2.065691572136826
25,20,-0.979488876658633,-0.6422964109548099,-1.3671760228270706
25,21,-0.7085791989804431,-0.23208281093190627,-1.2135234630806493
25,22,-1.70606618619998,-1.363934755165857,-2.103260975991637
25,23,-0.5250741944548392,0.00919898026479305,-1.0536475508806469
25,24,-1.9254022245049307,-1.5628390246427464,-2.261166071320708
25,25,-1.495708059927429,-1.130231247525865,-1.8533771795952927
25,26,-0.7271252913866237,-0.2330329922038532,-1.2575818046869023
25,27,-1.3470261635418845,-0.984515660376731,-1.7009195560501815
25,28,-1.594754002766737,-1.163791798834203,-1.9553416983959124
25,29,-0.7169267327442972,-0.3088572256548303,-1.1486384865107186
25,30,-0.8725605543855732,-0.520845771763032,-1.2330132642656308
25,31,-1.2128511037296588,-0.8775528127441734,-1.62728087882354
25,32,-1.1157312317542765,-0.7577038650634492,-1.538618506748503
25,33,-1.4654116669780954,-1.065312570629884,-1.8462021731281968
25,34,-0.25375907096848715,0.20194992977255705,-0.7398846447505809
25,35,-1.7221117018387164,-1.3581025487647278,-2.068999524990798
25,36,2.064701327182558,2.499977905183398,1.6349408848409335
25,37,-0.7651074586094292,-0.3924568201689284,-1.2208812139252534
25,38,-0.8065037047865682,-0.34140553092564596,-1.2253282245337986
25,39,-1.9806657848565277,-1.5919962621870827,-2.309165410156315
25,40,-0.7557675444985009,-0.17073439248904576,-1.3787466559996409
26,1,-1.269113126487736,-1.0634882514599946,-1.473292018661546
26,2,-1.4009163800675566,-1.1945942768017126,-1.6012217702038434
26,3,-0.9281162144966945,-0.7201586429801834,-1.1355767242811283
26,4,-1.0734134179526316,-0.8442365101164847,-1.3041603766886336
26,5,-1.3073998011049568,-1.0929814063201309,-1.502243654883714
26,6,-0.37997599383850844,-0.1393231408558381,-0.5946562276995828
26,7,-0.8251852372948962,-0.584854439596765,-1.0674155343371625
26,8,-0.8094585002062655,-0.5870109629002552,-1.0246919562471022
26,9,-1.4409606478744754,-1.2302932339369868,-1.6718477462752932
26,10,-0.5080663108516829,-0.23252420045494035,-0.7361972565402541
26,11,-0.6249685462445154,-0.4168374266259134,-0.8264976820714851
26,12,-1.3853581803970783,-1.1839697802432765,-1.5829150924417466
26,13,-0.10375555897385622,0.11821952415939432,-0.33887823780904075
26,14,-0.33834585420699614,0.04381852315836172,-0.6870092561079965
26,15,-1.2887246759774527,-1.088662992612204,-1.4762952874687498
26,16,0.6267130212460792,0.8380679598553732,0.41509552128048655
26,17,-1.2081225102045274,-0.9710032390633292,-1.4467100514150661
26,18,-1.3251663515480188,-1.0919490618217143,-1.5480604718984234
26,19,-1.7558894040847193,-1.5429891620509688,-1.973498782235979
26,20,-1.2762665041977381,-1.0671427762903969,-1.4798739203777547
26,21,-0.1751530155167282,0.13870004037633463,-0.46508839518415934
26,22,-1.7244998533532865,-1.5010116389658577,-1.9507170105372638
26,23,-0.8828134089250581,-0.6108579824768727,-1.1547625225336358
26,24,-1.8760436051289722,-1.6638180552447062,-2.0761844228915156
26,25,-1.36969096643374,-1.1727696675523125,-1.575017227525134
26,26,-0.5240335351834076,-0.23292848434889052,-0.7862128107168115
26,27,-1.4940164453844418,-1.2990809109443837,-1.699109626929959
26,28,-1.884049546492082,-1.683586522180893,-2.1006655770288143
26,29,-0.7276391576451023,-0.5005693402833421,-0.9497533925225776
26,30,0.060608357156197556,0.3170115639741849,-0.1773298161754338
26,31,-0.9883968367829574,-0.7529542503975282,-1.2156152710819492
26,32,-1.0184701363399828,-0.8098628816904474,-1.2361431646516876
26,33,-1.1375945854709977,-0.9065628186533146,-1.3678143253054318
26,34,-0.672737825285086,-0.47061306590638147,-0.9036613654246208
26,35,-1.7145165539726388,-1.5153435117756324,-1.9173803831599983
26,36,1.798156952318478,2.1194712732402787,1.229550434661967
26,37,-0.7336370283363716,-0.5235181759995404,-0.952000663238754
26,38,1.6536246919343338,2.165205182928625,0.9998268739977697
26,39,-1.9077290457624088,-1.7092309201503721,-2.1068906168977466
26,40,-1.2789351556909552,-1.080393912351438,-1.4915571771031964
27,1,-1.2826895500344215,-1.1112164253519183,-1.447301445303388
27,2,-1.4246378393254018,-1.2655550369531616,-1.5952785100779001
27,3,-0.9618238741074496,-0.8083785066865915,-1.1207546772364505
27,4,-1.1003251490528976,-0.912760817642935,-1.2857412920317524
27,5,-1.234234798371371,-1.078148303321437,-1.3827385382666821
27,6,-0.49057216319722413,-0.2959050143220372,-0.6743515963008162
27,7,-0.6193833502814556,-0.44221432763609536,-0.7918947840790168
27,8,-1.3094612159978198,-1.149622776359714,-1.4625298845040988
27,9,-1.359127394583555,-1.1901655067185395,-1.5182145687043647
27,10,-0.5665724459917079,-0.3910491781863737,-0.7266080684690761
27,11,-0.722573724216304,-0.5026561026180876,-0.9320630745896862
27,12,-1.4910167499622093,-1.3291574132378885,-1.6514155462166291
27,13,-0.16292893532334585,0.1086261798963728,-0.4303458108494762
27,14,-0.601650384275179,-0.37719509507208476,-0.8074499307692072
27,15,-1.2791630553625364,-1.1212498912493125,-1.4451165793630016
27,16,0.16051910879200232,0.31526936224278385,-0.011501912530498025
27,17,-1.052015888548955,-0.862181374561683,-1.232723084441663
27,18,-1.3558721160898055,-1.1952260843045002,-1.5287665898091436
27,19,-1.8516250282734497,-1.694034006899223,-2.004810792305306
27,20,-1.3439222853964554,-1.1836744091384452,-1.510944679109141
27,21,-0.9208770593631143,-0.7588451331376014,-1.0794935600319968
27,22,-1.8576017628923762,-1.692399841232253,-2.0175709943031745
27,23,-1.0949907631279956,-0.9156096536145618,-1.2673939122280773
27,24,-1.7667143295341914,-1.6149313574745812,-1.9223498463792004
27,25,-1.4694279081424804,-1.2985000702866305,-1.6359638869792907
27,26,0.6044919059900719,0.920203588739593,0.3224813841290265
27,27,-1.594162617274794,-1.4380908779953585,-1.7706474670056522
27,28,-1.9053528775696877,-1.7497090848664323,-2.066974517463099
27,29,-0.9461024087350582,-0.7781452590897063,-1.1092846588486227
27,30,-0.8323654248141563,-0.6634014321002117,-1.0027426168128502
27,31,-1.1330057871176913,-0.955765447926198,-1.31513169002748
27,32,-1.0709403555032924,-0.8756908079640978,-1.282615562844845
27,33,1.4696333466727096,1.7962273975742808,1.1496872381139742
27,34,-0.5170624777611291,-0.3308967224338356,-0.7116773278658143
27,35,-1.3474059163808878,-1.18803770049573,-1.5068372769326879
27,36,-1.363849492452122,-1.2003829671999093,-1.531194591277326
27,37,-0.7746020801110789,-0.6006781493632916,-0.9416061706040781
27,38,1.004321026647621,1.4881895237799414,0.3106556199128121
27,39,-1.5330750494022838,-1.362280875724621,-1.7055416229697529
27,40,-1.379415161631544,-1.2150744649161227,-1.5512766489463268
28,1,-1.2311622939418694,-0.9925546093399433,-1.4578609602723411
28,2,-1.3635511447131234,-1.1340170056760273,-1.5801354742748408
28,3,-0.9636530523571083,-0.7511066619415495,-1.1594138083142702
28,4,-1.1848980985693238,-0.9557621621949557,-1.4134224497412733
28,5,-0.9515604848596795,-0.7427973299683053,-1.1684910819262497
28,6,-0.5970552599487997,-0.34038481948544835,-0.8645942636257696
28,7,-0.606315668956436,-0.35112029693976393,-0.830225045801435
28,8,-1.2539110554021862,-1.0459444454699867,-1.4737581879573811
28,9,-1.3639122274451931,-1.1554971816389767,-1.6053230269222611
28,10,-0.5901477647211187,-0.36336516343770137,-0.8024370691063926
28,11,-0.8820289369416694,-0.6322391630977949,-1.1131629925372457
28,12,-1.5682874976014636,-1.3685096956823661,-1.7720224949633183
28,13,-0.21619547457533866,0.06193167030885937,-0.49531832251348334
28,14,-0.221324744803695,0.05797494797879295,-0.4759455395548275
28,15,-1.2859702035124358,-1.0611262220076683,-1.4792221654649285
28,16,0.20911809714577734,0.4205965447265911,0.0026695327783102956
28,17,-0.968625928721806,-0.682467331843923,-1.2199296582156343
28,18,-1.391473136991046,-1.1714947800642233,-1.5918555356614528
28,19,-1.7893205388127473,-1.5790547503326813,-2.0136867520456003
28,20,-1.237753594138893,-1.0297519619988307,-1.4877106834895357
28,21,-1.1201622103569462,-0.899855256589782,-1.354311600144704
28,22,-1.8691002938585868,-1.659382919835275,-2.07112779648572
28,23,-1.1521472495704126,-0.9314515115530924,-1.380981019858755
28,24,-1.5490302586169045,-1.3336901618553014,-1.7625306966960623
28,25,-1.3945987674293154,-1.0921116007778047,-1.6207514511179386
28,26,0.9113853416109099,1.1958869622514123,0.6386655936820397
28,27,-1.6481062229511396,-1.430507958468751,-1.8623293251600475
28,28,-1.8214935453207608,-1.584934575201089,-2.0421964174343357
28,29,-0.7862362659249045,-0.576492783041295,-1.0112323905711413
28,30,-0.8807906332129264,-0.6615450007085482,-1.0993322345941512
28,31,-1.0174180909375186,-0.7430165076613242,-1.2426483873874727
28,32,-1.2015790824027002,-0.9365351077698738,-1.4618563778916775
28,33,2.0539764348453398,2.2888406956406047,1.8013570617731078
28,34,-0.3736669736177959,-0.1495070301063235,-0.5958257617258121
28,35,-0.9152288705318441,-0.6564346163195709,-1.3067123780940377
28,36,-1.566173361615789,-1.3562728623391178,-1.777813347959646
28,37,-0.9507210958433696,-0.7555168441129264,-1.1624434479401995
28,38,-0.5987441432037064,0.4453745810364175,-1.0170926795861948
28,39,-1.206390817964389,-0.9862616686317968,-1.4306381740677665
28,40,-1.5299575113143653,-1.3113152907931012,-1.74795230144298
29,1,-1.136997713933594,-1.013831785063417,-1.2639991156374815
29,2,-1.5407261504202436,-1.4018563671628297,-1.6674081080755083
29,3,-1.0306477699004861,-0.8962713545748885,-1.1699318300313597
29,4,-1.378512764742652,-1.249438599882179,-1.508522441442472
29,5,-1.0393806427962131,-0.8976750222898344,-1.1911634688861257
29,6,-0.855730630838199,-0.6812092642228719,-1.008691379401804
29,7,-1.215811857037544,-0.9842081796049138,-1.4086978805130732
29,8,-1.3569407241473697,-1.220405547853709,-1.4797883005083137
29,9,-1.39926270231668,-1.2672118580795453,-1.5428925109430398
29,10,-0.7691900683189361,-0.616514552619565,-0.9111728023583706
29,11,-0.9906450469372805,-0.8527516996504488,-1.1194478175724671
29,12,-1.604606492093761,-1.4638425910836328,-1.7398963431418681
29,13,-0.7774061517102969,-0.5763132169455443,-0.9986012365157861
29,14,-0.01200586946404393,0.19574076204714744,-0.2059190162658321
29,15,-1.3335952753079892,-1.190258791457304,-1.4778036597648243
29,16,-0.01624262791129297,0.12459771297876851,-0.15410061833798214
29,17,-0.2723109002967217,-0.015117146725116137,-0.6296026116970718
29,18,-1.5195833996643773,-1.3997468394534416,-1.6514972794519447
29,19,-1.8876001608997137,-1.7602977063294025,-2.0226254870184333
29,20,-1.393579845737637,-1.262865950053445,-1.5253954920865884
29,21,-1.4306111625276128,-1.290464478009003,-1.5635548390265415
29,22,-1.9290778285515175,-1.7994308882476167,-2.0619220492395276
29,23,-1.3528640650247392,-1.2125338450149992,-1.4841095032182465
29,24,-1.2648154100329827,-1.1041816206846895,-1.4195364193068978
29,25,-1.582240242226015,-1.4435928476092315,-1.7224684435359454
29,26,0.29734738018863005,0.6531658648913309,-0.005480780396660108
29,27,-1.7056080643313098,-1.5731030622085738,-1.837177950932407
29,28,-1.9377516536841193,-1.8098505493958648,-2.0640475040214197
29,29,-0.6758573547836239,-0.5279665873586622,-0.8319044116564296
29,30,-1.0348053391124608,-0.8601642353551349,-1.1891030051731495
29,31,-1.3887670803140193,-1.2369249074380957,-1.5377786193880978
29,32,-1.4038624438190177,-1.2738028024158174,-1.5354341028209897
29,33,-0.35707517916629294,-0.10330894853252225,-0.5955426584135198
29,34,-0.7175694272509778,-0.5581651754758151,-0.8799407015712737
29,35,-0.2802541674999061,-0.1236850279096846,-0.44135296982685956
29,36,-1.8243636974343929,-1.6925746410388993,-1.9585351830787239
29,37,-1.021021233235121,-0.8802952947953041,-1.1588344552168017
29,38,-1.4020509597121835,-1.2618848819821837,-1.5430752671444787
29,39,1.3541428741085206,1.605581760597614,1.111084171598786
29,40,-1.710169477753532,-1.5822911477200203,-1.849228998153977
30,1,-1.1906806277428916,-0.8069994426182608,-1.5997230320908793
30,2,-1.7250855730692671,-1.3866408470334282,-2.089011194367356
30,3,-1.0911606201777542,-0.7388034804068107,-1.4604734783316036
30,4,-0.8866033058608664,-0.5289988431819025,-1.425847758256924
30,5,-1.1614177782527246,-0.8482582206891794,-1.5307744965539503
30,6,-0.8387576203655107,-0.0765722365697201,-1.2222574802136152
30,7,-1.1533879819860027,-0.8808311728071839,-1.4552608563446194
30,8,-1.4794366157217198,-1.1170879307371426,-1.8053140775245629
30,9,-1.4396977677669338,-1.1050164225763472,-1.7482502365900283
30,10,-0.8225700854033775,-0.320826397985092,-1.1495611818196496
30,11,-1.196541638522159,-0.7442499337218824,-1.5793731011720933
30,12,-1.5314268283240142,-1.2380262098420944,-1.863913537148897
30,13,-0.7264201120750071,-0.3466961161642966,-1.0640550020844066
30,14,-1.0192126549122213,-0.5811504799287615,-1.3166576492671298
30,15,-1.2568556016014383,-0.9661241357392029,-1.6208587092816318
30,16,-0.3170442777588196,0.15100135327280853,-0.6630999574957339
30,17,-0.5573859437397813,-0.12292140628327107,-0.9290784407502855
30,18,-1.5948217078688223,-1.2503427407187773,-1.936473692440662
30,19,-1.8778488105055886,-1.4521671003397618,-2.1753230421309033
30,20,-1.318018765803882,-0.9456292871250385,-1.683045508771317
30,21,-1.000104861068268,-0.5694600124932245,-1.36863015808857
30,22,-1.9883589481445547,-1.6553527352145292,-2.380331903657818
30,23,-1.4007648075861385,-0.9819986475611905,-1.7265667521388848
30,24,1.752798048515058,2.2705128370188254,1.3832546644668398
30,25,-1.6531499435152215,-1.216659829789016,-1.9702565305064463
30,26,0.18924403664362832,0.7780452643505058,-0.20446395818333327
30,27,-1.647300943410343,-1.2649810027648223,-1.9722579564839826
30,28,-1.9901225082723495,-1.65850002672138,-2.3459139221892933
30,29,-0.3852943861134436,0.07773555585184741,-0.7564133938352241
30,30,-0.5581686015746916,-0.10657829707046233,-0.9721472393156285
30,31,-1.5499334273134613,-1.2152524156362055,-1.9140365886885726
30,32,-1.5553411611563779,-1.2449826996333442,-1.9248437847666378
30,33,-0.16889647158297416,0.23419308455159515,-0.6140053081444699
30,34,-0.9492343003888808,-0.6167863676726706,-1.2827192958919438
30,35,1.6000656139610645,1.9887213717891983,1.1623934447894186
30,36,-1.9128845279453988,-1.6103397758997768,-2.285535041644483
30,37,-1.0957280004284498,-0.6527979045752007,-1.4334268422500087
30,38,-1.5594872878598691,-1.265941032139175,-1.8858921639613015
30,39,1.3487815636631515,1.6948561735760366,0.9888003559326904
30,40,-1.770201948035818,-1.2349598895332572,-2.165483156319945
31,1,-1.124737936028231,-0.8221069945830053,-1.450121578886264
31,2,-1.5180151690592882,-1.1598096422716717,-1.8942077400092665
31,3,-1.0660022737230743,-0.734792943179234,-1.4158477799248854
31,4,-1.3722602522353964,-1.0814805589042293,-1.7409460910421057
31,5,-0.9506967484926407,-0.5005081309047155,-1.261255413751939
31,6,-0.9292078497009979,-0.6498417987651088,-1.2787570180593146
31,7,-1.1023549726062618,-0.8135371011978387,-1.5086926116985462
31,8,-1.294274479490337,-0.9584590782900467,-1.5965774479788986
31,9,-1.440684865707358,-1.153176783207214,-1.7717689840213273
31,10,-0.866845150495698,-0.571578634718702,-1.2035464151230832
31,11,-1.240885009886838,-0.93746629904183,-1.5415160147914917
31,12,-1.4448479773937404,-1.1423052983889364,-1.7782471493112264
31,13,-0.8728808362839499,-0.5785147342546554,-1.1936946738237606
31,14,-0.7517098625621419,-0.34281796896842204,-1.1352585475156236
31,15,-1.2656488357341145,-0.9811218652828028,-1.6788145947125908
31,16,-0.49740174695986134,-0.2283499905226938,-0.8952146599332513
31,17,-0.13399932093123912,0.27043440356324494,-0.6218181066494438
31,18,-1.489528772390456,-1.2078036728453798,-1.8677428871408632
31,19,-1.935215653002511,-1.6324641672039155,-2.282201295674088
31,20,-1.448665815343285,-1.1429674939564551,-1.7768274997865248
31,21,-1.413342997218996,-1.1028724054120314,-1.6999213523421175
31,22,-1.9664269479487229,-1.6782199093085803,-2.291593969945238
31,23,-1.5416762587083532,-1.265337862207646,-1.8302512180140755
31,24,2.09588575303263,2.3753008388767336,1.7714960517016192
31,25,-1.5261381121753557,-1.1787605461777952,-1.8172663891341294
31,26,0.1582069415009948,0.5565892274764765,-0.3096593985018792
31,27,-1.6951687183264519,-1.3481643529293768,-2.294549619316165
31,28,-1.8631686186589658,-1.5886605276263521,-2.152313791865206
31,29,-0.5735859959442902,-0.2738937398306796,-0.9796693739884735
31,30,-0.7486045379344316,-0.4854734157396831,-1.1983676016300198
31,31,-1.517244041454978,-1.2197400057062744,-1.8267491085270053
31,32,-1.456036419378664,-1.1482683212639861,-1.764042104767651
31,33,-0.9646035040549046,-0.6036229573291814,-1.360484247582956
31,34,-0.7392218195926765,-0.4604410271976237,-1.0808478703207645
31,35,1.4952513959756062,1.9086576346392932,1.0662340142408533
31,36,-1.927982067409216,-1.627418236165973,-2.211057380947853
31,37,-1.264659075287638,-0.9262649198442071,-1.7138951125175201
31,38,-1.623731749861323,-1.33237509502987,-1.944933263054593
31,39,-0.5527191176176327,-0.15634430874072616,-1.0574905677116917
31,40,-1.7860846904203314,-1.4920000948312828,-2.1173029542453983
32,1,-0.6555235369007885,16.208321179071348,-16.695467120139806
32,2,-0.09108145934826231,16.14544746098414,-16.726145224136715
32,3,-0.04269300059781615,16.30413145934348,-16.620446721150177
32,4,0.14878835492234427,16.61681842964449,-16.52548894932663
32,5,0.11299325881680097,16.010980035529755,-15.813557853960315
32,6,-0.30557337868838863,15.661296546678082,-16.93947408932606
32,7,0.07585431004964613,16.32565769995913,-16.49805993698287
32,8,-0.0789435546743695,15.828641426791712,-16.0073806143536
32,9,-0.15676468894130074,15.851137237968038,-16.494925537438014
32,10,-0.07983924709286813,16.023041441982915,-16.52253740791577
32,11,0.4660973303482216,16.33698611121813,-16.364450511877365
32,12,0.14581872302162732,15.673029562914733,-17.304971789986883
32,13,-0.08650381682537643,16.229828545328136,-16.925433395901972
32,14,-0.30398878134955576,16.817384466120714,-15.971545438466826
32,15,-0.22582403099596676,15.438085391171024,-16.53176612471864
32,16,0.3963217362945789,17.22619051790849,-16.50975639365519
32,17,-0.3757532459680191,15.683146823643916,-16.728857968132377
32,18,-0.018968495996987585,15.880419663856275,-16.742110138850872
32,19,0.19481817568230186,16.479414024457885,-16.921413411072397
32,20,0.09419942316886193,16.51738307951791,-16.66560857985749
32,21,0.4331881510280645,16.235116099875125,-16.283214385437255
32,22,-0.17701267638778112,16.269428117259018,-16.730131984450644
32,23,0.13502471086981727,16.231558697829275,-16.54428727086397
32,24,-0.3925071662357325,16.362040830480748,-16.52958723754991
32,25,-0.11462078740931975,16.166756702675695,-16.851207967754217
32,26,-0.27107716801197734,16.09679146696689,-16.210578598502064
32,27,-0.1333779730822124,16.27558720432366,-16.310941779971994
32,28,-0.008895075091649086,16.307974286401333,-16.067018659423898
32,29,0.08309600550717658,16.391790349272338,-16.640518713738494
32,30,-0.2184595943182703,16.409235126178494,-17.09152664444231
32,31,0.16656823905479157,16.23757802432483,-16.227960572204562
32,32,0.7699918702803079,16.46525475618562,-16.672554736185997
32,33,0.2737729338708173,16.062982727468977,-16.883636765257606
32,34,0.07981431002933936,16.650298730073015,-16.526092407176105
32,35,-0.028237141257202017,16.745229335771896,-15.777324975671899
32,36,-0.08102495926766734,16.880343592996308,-16.07370655045366
32,37,0.21677505950483444,16.764079273942766,-15.966121629896886
32,38,-0.12459050786194453,16.724518505624353,-15.991511651326904
32,39,0.21939177616619848,16.399645352266134,-16.441408393595037
32,40,-0.10318066735600402,16.577305281503047,-16.33540725005405
33,1,-1.1557947193055647,-0.8490953489131707,-1.449296166798429
33,2,-1.6432188591930554,-1.268337559504833,-1.9867222577413588
33,3,-0.9735305492083575,-0.600753141089351,-1.3182820022372006
33,4,-1.4681791361764942,-1.028638219751865,-1.8102852266857719
33,5,-0.8082851804447371,0.003015990146924072,-1.1872959257043985
33,6,-1.1847309169240332,-0.859352924767693,-1.5770965087544901
33,7,-1.2116782192851592,-0.9255246904046752,-1.525178214789717
33,8,-1.5302869249102975,-1.1637361293456612,-1.8642790259492594
33,9,-1.680313612151346,-1.376831171944723,-1.9936457169298698
33,10,-0.8465227931508381,-0.21915250697482896,-1.2276701945734734
33,11,-1.3358734441161695,-1.041139398175376,-1.6629495340345533
33,12,-1.4846122635365346,-1.0422123295099006,-1.8333525508965784
33,13,-0.9164735483130462,-0.47403207892498567,-1.4787294785316998
33,14,-1.455217220416909,-0.8580056202994826,-2.6120486142719286
33,15,-1.2647779709686742,-0.9674099911393891,-1.5629955046291044
33,16,-0.3968886362491534,-0.08075125832163833,-0.7480343154527788
33,17,0.16704320208519727,0.9707941338639348,-0.3454191067974641
33,18,-1.6154924422345658,-1.2754178242073644,-1.9811668289049198
33,19,-1.9760358499758204,-1.5910748664216827,-2.3220301146407003
33,20,-1.4343251471922605,-1.0950995839238276,-1.7731355818094614
33,21,-1.6858281696252986,-1.3714684009893283,-1.9720132153483303
33,22,-1.9985439220921664,-1.671230057540537,-2.3658381510061472
33,23,-1.6269011310055184,-1.3054901223249533,-1.9577337580457852
33,24,2.913611728179883,3.2627781860051712,2.558482631680701
33,25,-1.6762018785859398,-1.3432306496695083,-2.0023391045566306
33,26,-0.3331170415382156,0.26373627178887976,-0.7322413983645901
33,27,-1.8087212116904434,-1.4566329602788346,-2.1084331661028983
33,28,-1.9821391892940403,-1.4933225686847957,-2.3124852720580216
33,29,-0.5332723292096662,-0.11062533275575669,-0.982634435003855
33,30,-1.0298649338629273,-0.676203026455954,-1.444128830956382
33,31,-1.5300706963732447,-1.1384920074293092,-1.836673987733592
33,32,-1.563125184218091,-1.2445948875964579,-1.913880062818184
33,33,-0.7184043125481276,-0.21593143600727427,-1.2825107731402985
33,34,-0.8248810211234159,-0.4907596332091805,-1.1662525013829168
33,35,-0.45477894028317156,-0.044417920552179205,-0.8439475238849155
33,36,-1.9771153990263626,-1.6796691754343405,-2.321393551959674
33,37,-0.9954308364675899,-0.6211842736233094,-1.3665601271112222
33,38,-1.5947309516092547,-1.2899713042561756,-1.936937115715958
33,39,-0.9654468572870856,-0.643331915126587,-1.3981177489305123
33,40,-1.807564119315038,-1.4401047826708055,-2.116385727573293
34,1,-1.1443757526398137,-0.8587766669682957,-1.4394667367959473
34,2,-1.5847807733057018,-1.2827039539008143,-1.883720732905911
34,3,-0.9717008717763728,-0.654820944994436,-1.2532682783666007
34,4,-1.3739007568604327,-1.0902138658213913,-1.6756436201977623
34,5,-0.5404702174505429,0.0800833506354778,-1.014869095590497
34,6,-0.9043589157763686,-0.5985910579111002,-1.2024544751515336
34,7,-1.2583619566965085,-0.9665157088675832,-1.5528834067071104
34,8,-1.5126954404480024,-1.2157727368123536,-1.8061279861434238
34,9,-1.464572194874703,-1.191296871707051,-1.7624124977120317
34,10,-0.6518378981508564,-0.32395901963520074,-0.9371012774655391
34,11,-1.3885696725887389,-1.08750235569492,-1.6812644409658062
34,12,-1.532774859959639,-1.230484156300488,-1.8283448163093157
34,13,-0.9843620686627541,-0.5536834037801587,-1.3450599334908362
34,14,-0.8665001514397981,-0.1624633361977068,-1.4449489902458428
34,15,-1.2282968901709195,-0.9573403530965217,-1.5227081324476255
34,16,-0.24256654900862862,0.03880670113553793,-0.5167505077088543
34,17,-0.20847194715719147,0.2659747880172005,-0.6606581230401796
34,18,-1.597700905629541,-1.2822177766601457,-1.8912404821487248
34,19,-1.905497678738255,-1.617387611735171,-2.194253853191784
34,20,-1.4943714490986197,-1.2128638791861608,-1.772617946924303
34,21,-1.577373918833719,-1.2792642643744647,-1.8718503669099373
34,22,-1.912062478045841,-1.61777646338841,-2.1975071580653265
34,23,-1.6737509261485586,-1.4137885658702842,-1.9505532810829753
34,24,3.105389046369,3.387016789650074,2.826824219705577
34,25,-1.6604223359519632,-1.3623277748760945,-1.9425796046525783
34,26,-0.09454101387002722,0.3476174297480587,-0.5075813968682671
34,27,-1.7336580767979934,-1.4282068720860983,-2.037617829573938
34,28,-1.9927983671621607,-1.6987339552154188,-2.299961193221918
34,29,-0.6456132253782043,-0.27515759068226325,-1.0492247809352988
34,30,-1.220886583657465,-0.9251366796581737,-1.5172594870452558
34,31,-1.3075643268451116,-0.9689660985809526,-1.6331088242109895
34,32,-1.5838436314998294,-1.279541425426516,-1.8975293847928063
34,33,-1.2191255029002188,-0.8569233613153674,-1.6258458649512835
34,34,-0.6236597259277535,-0.22893884279567522,-0.9947642118377547
34,35,-0.4273442973441342,-0.05521949815505311,-0.8041659146835779
34,36,-1.9463198161136148,-1.6632239223287686,-2.2748955151183363
34,37,-1.2203957407188475,-0.889147477490114,-1.5690176121907433
34,38,-1.6325260516951858,-1.3546714378782563,-1.903119325922739
34,39,-0.7574277383528691,-0.44106939423652913,-1.0786854727598116
34,40,-1.7206620122872063,-1.4085171876421771,-2.0205933657552553
